USER_ID,AGE_GROUP,GENDER,HAS_GENDER_REPORTED,REGION,YEAR_PATH_STARTED
U1804914983190985673,35-39 ans,Non renseigné,FALSE,Bretagne,2022
U-904691043249564693,30-34 ans,Non renseigné,FALSE,Nouvelle-Aquitaine,2023
U7414242602960386807,30-34 ans,Non renseigné,FALSE,Île-de-France,2022
U2543424095597806606,35-39 ans,M,TRUE,Île-de-France,2022
U-4508324953880405804,20-24 ans,M,TRUE,Grand Est,2025
U4639350462233944401,35-39 ans,Non renseigné,FALSE,Île-de-France,2023
U-7968051962297202020,20-24 ans,F,TRUE,Île-de-France,2024
U2767251937881056744,25-29 ans,F,TRUE,Île-de-France,2024
U3971878989133830556,20-24 ans,Non renseigné,FALSE,Île-de-France,2022
U9063126453827068100,25-29 ans,M,TRUE,Hauts-de-France,2024
U1829291764235363649,45-49 ans,M,TRUE,Nouvelle-Aquitaine,2024
U-2168372580118356369,30-34 ans,M,TRUE,Île-de-France,2024
U734908092223141200,30-34 ans,F,TRUE,Bourgogne-Franche-Comté,2025
U1523075253773249499,40-44 ans,M,TRUE,DROM,2025
U-7887261101110104693,40-44 ans,Non renseigné,FALSE,Île-de-France,2023
U-2379936785983627400,40-44 ans,F,TRUE,Nouvelle-Aquitaine,2024
U-3084434377249980451,55-59 ans,M,TRUE,Grand Est,2025
U8366132466638343571,30-34 ans,M,TRUE,Auvergne-Rhône-Alpes,2023
U140751813152092077,35-39 ans,Non renseigné,FALSE,Île-de-France,2023
U-1185646779371827021,45-49 ans,Non renseigné,FALSE,Pays de la Loire,2022
U403209264517034255,35-39 ans,F,TRUE,Île-de-France,2023
U-2003708016549546938,25-29 ans,F,TRUE,Île-de-France,2023
U528437695410135275,30-34 ans,M,TRUE,Grand Est,2024
U-18616174952062504,45-49 ans,F,TRUE,Nouvelle-Aquitaine,2023
U2140608801520166402,45-49 ans,F,TRUE,Bourgogne-Franche-Comté,2025
U1822727729443993835,35-39 ans,Non renseigné,FALSE,Normandie,2022
U-3426477863080176857,30-34 ans,F,TRUE,Île-de-France,2023
U-3513881342104618244,40-44 ans,M,TRUE,Île-de-France,2025
U-7341140721367775075,20-24 ans,M,TRUE,Nouvelle-Aquitaine,2025
U3577184192436935830,50-54 ans,M,TRUE,Île-de-France,2022
U3323680272915908167,25-29 ans,F,TRUE,Pays de la Loire,2024
U4411919640681179786,45-49 ans,Non renseigné,FALSE,Île-de-France,2023
U-6964441536422731167,25-29 ans,M,TRUE,Centre-Val de Loire,2025
U1886156756425180144,25-29 ans,Non renseigné,FALSE,Île-de-France,2022
U2062102062886633029,45-49 ans,M,TRUE,Île-de-France,2023
U-6425894070516099334,25-29 ans,M,TRUE,Bourgogne-Franche-Comté,2022
U3252817878863008349,30-34 ans,M,TRUE,Île-de-France,2023
U8006589478500576361,45-49 ans,F,TRUE,Normandie,2023
U2986723210131728078,25-29 ans,F,TRUE,Auvergne-Rhône-Alpes,2025
U-8125849591486274838,30-34 ans,Non renseigné,FALSE,Bourgogne-Franche-Comté,2022
U4669947283589370197,40-44 ans,F,TRUE,Provence-Alpes-Côte d'Azur,2023
U-614066908805246579,40-44 ans,Non renseigné,FALSE,Île-de-France,2024
U-5294237699503517953,25-29 ans,Non renseigné,FALSE,Provence-Alpes-Côte d'Azur,2023
U-1937978355055344986,30-34 ans,F,TRUE,Île-de-France,2025
U-2686329358026469282,40-44 ans,F,TRUE,Île-de-France,2022
U1107058279771817115,25-29 ans,F,TRUE,Île-de-France,2023
U-2435769387771544919,50-54 ans,Non renseigné,FALSE,Bretagne,2023
U-1687665028885987991,35-39 ans,Non renseigné,FALSE,Provence-Alpes-Côte d'Azur,2025
U-394249056391750960,60 ans ou plus,Non renseigné,FALSE,Occitanie,2022
U-3791107561091856279,25-29 ans,Non renseigné,FALSE,Île-de-France,2022
U457711041838793801,30-34 ans,Non renseigné,FALSE,Île-de-France,2024
U-1232362733143982448,35-39 ans,M,TRUE,Île-de-France,2022
U7585593772152861097,25-29 ans,M,TRUE,Bourgogne-Franche-Comté,2024
U-6842051748642522479,25-29 ans,Non renseigné,FALSE,Île-de-France,2022
U-2927141177216170234,40-44 ans,M,TRUE,Nouvelle-Aquitaine,2022
U-5371406625778881341,25-29 ans,M,TRUE,Île-de-France,2022
U-5290364192515776283,35-39 ans,Non renseigné,FALSE,Île-de-France,2023
U266939873859515662,20-24 ans,M,TRUE,Auvergne-Rhône-Alpes,2024
U2874023095755862976,25-29 ans,F,TRUE,Occitanie,2024
U-518257463772999184,45-49 ans,Non renseigné,FALSE,Grand Est,2022
U654354981094660010,30-34 ans,M,TRUE,Bretagne,2024
U-2404297639711581704,40-44 ans,M,TRUE,Île-de-France,2022
U-6192159987475469405,25-29 ans,Non renseigné,FALSE,Île-de-France,2023
U-7404151664664335616,55-59 ans,Non renseigné,FALSE,Île-de-France,2023
U-5223270113672225445,35-39 ans,Non renseigné,FALSE,Occitanie,2023
U8660676852515308275,35-39 ans,Non renseigné,FALSE,Île-de-France,2022
U1488986583084515102,40-44 ans,M,TRUE,Provence-Alpes-Côte d'Azur,2025
U-5752177660210607044,35-39 ans,F,TRUE,Auvergne-Rhône-Alpes,2024
U-6751456617748513131,30-34 ans,M,TRUE,Bretagne,2023
U8004339831993022581,35-39 ans,Non renseigné,FALSE,Bretagne,2024
U2250851141437881896,35-39 ans,F,TRUE,Hauts-de-France,2022
U-5627791633784102884,30-34 ans,Non renseigné,FALSE,Île-de-France,2025
U7995853890021797430,25-29 ans,F,TRUE,Île-de-France,2025
U-3914503172792933255,25-29 ans,M,TRUE,Île-de-France,2025
U-492453422215373978,30-34 ans,M,TRUE,Île-de-France,2022
U2809264994996172755,25-29 ans,M,TRUE,Auvergne-Rhône-Alpes,2025
U538779216946739364,35-39 ans,F,TRUE,Île-de-France,2025
U4429566291092949292,45-49 ans,M,TRUE,Île-de-France,2022
U-736130784425495047,25-29 ans,F,TRUE,Île-de-France,2024
U6744338666838502327,45-49 ans,F,TRUE,Île-de-France,2023
U8289557525040830593,30-34 ans,M,TRUE,Normandie,2023
U5182679820684617685,30-34 ans,Non renseigné,FALSE,Île-de-France,2025
U-3560751395370328144,35-39 ans,F,TRUE,Occitanie,2025
U-2658308448120860878,50-54 ans,M,TRUE,Île-de-France,2022
U3108149232846304046,25-29 ans,M,TRUE,Nouvelle-Aquitaine,2024
U-7510524969231967764,50-54 ans,F,TRUE,Île-de-France,2024
U-8270780708874663484,40-44 ans,M,TRUE,Île-de-France,2025
U4123000088320301409,50-54 ans,Non renseigné,FALSE,Auvergne-Rhône-Alpes,2022
U-6724094437529261247,35-39 ans,M,TRUE,Normandie,2022
U2214339382082253502,25-29 ans,F,TRUE,Île-de-France,2024
U-6380093759419292288,30-34 ans,M,TRUE,Bourgogne-Franche-Comté,2023
U-3675908775783293938,50-54 ans,M,TRUE,Île-de-France,2022
U-5170066421720298066,55-59 ans,M,TRUE,Île-de-France,2025
U-1976654008172450346,45-49 ans,Non renseigné,FALSE,Grand Est,2024
U8176511694734484598,50-54 ans,Non renseigné,FALSE,Île-de-France,2025
U6248904384893923091,30-34 ans,M,TRUE,Nouvelle-Aquitaine,2025
U-8426936082537515940,35-39 ans,Non renseigné,FALSE,Hauts-de-France,2023
U-229496692148563209,45-49 ans,F,TRUE,Île-de-France,2022
U5638782346267395908,30-34 ans,F,TRUE,Provence-Alpes-Côte d'Azur,2023
U-7977714884686561436,25-29 ans,M,TRUE,Île-de-France,2022
U-7320790171917446194,35-39 ans,M,TRUE,Grand Est,2022
U4713237188285827998,35-39 ans,M,TRUE,Provence-Alpes-Côte d'Azur,2023
U7968119305934917510,35-39 ans,F,TRUE,Nouvelle-Aquitaine,2023
U-1971153625293283844,40-44 ans,F,TRUE,Île-de-France,2025
U-9172753344279770152,40-44 ans,Non renseigné,FALSE,Île-de-France,2024
U-842210030176508627,55-59 ans,Non renseigné,FALSE,Île-de-France,2024
U-5299751778429764686,40-44 ans,M,TRUE,Île-de-France,2023
U1348103507035942034,35-39 ans,M,TRUE,Île-de-France,2024
U-7327392607422719714,35-39 ans,M,TRUE,Île-de-France,2023
U8752551900384402620,25-29 ans,M,TRUE,Pays de la Loire,2025
U-4846338880521973901,40-44 ans,M,TRUE,Grand Est,2025
U7442801504606367726,30-34 ans,F,TRUE,Centre-Val de Loire,2023
U6642326948953238657,50-54 ans,Non renseigné,FALSE,Grand Est,2023
U-9223346623322547183,35-39 ans,Non renseigné,FALSE,Pays de la Loire,2023
U4909759545402068949,35-39 ans,M,TRUE,Île-de-France,2025
U-3550541207885868306,45-49 ans,Non renseigné,FALSE,Nouvelle-Aquitaine,2022
U-1522680135502648121,40-44 ans,M,TRUE,Île-de-France,2024
U1826087383407500118,35-39 ans,F,TRUE,Île-de-France,2023
U7762362681029227107,30-34 ans,M,TRUE,Île-de-France,2022
U5423880631206474053,35-39 ans,Non renseigné,FALSE,Auvergne-Rhône-Alpes,2024
U6841434531737669181,40-44 ans,F,TRUE,Île-de-France,2025
U-6628090831712510052,30-34 ans,F,TRUE,Nouvelle-Aquitaine,2023
U-1234350160307514665,35-39 ans,M,TRUE,Nouvelle-Aquitaine,2022
U7038163340729774495,50-54 ans,Non renseigné,FALSE,Île-de-France,2023
U-863220404710526574,30-34 ans,M,TRUE,Hauts-de-France,2025
U-8642682912319855239,30-34 ans,M,TRUE,Auvergne-Rhône-Alpes,2025
U-5321103594986014400,25-29 ans,M,TRUE,Occitanie,2025
U-8548909995529817635,30-34 ans,F,TRUE,Île-de-France,2023
U-7033965652590703301,20-24 ans,M,TRUE,Nouvelle-Aquitaine,2024
U5254125180684327029,30-34 ans,F,TRUE,Bretagne,2022
U-6937361838402762796,25-29 ans,Non renseigné,FALSE,Provence-Alpes-Côte d'Azur,2024
U-1451511235610535797,45-49 ans,Non renseigné,FALSE,Île-de-France,2023
U-1270820145257550137,40-44 ans,Non renseigné,FALSE,Île-de-France,2024
U-6457374182286067674,25-29 ans,M,TRUE,Provence-Alpes-Côte d'Azur,2024
U1914492788549915999,35-39 ans,Non renseigné,FALSE,Île-de-France,2022
U-2300458270614337941,40-44 ans,Non renseigné,FALSE,Auvergne-Rhône-Alpes,2022
U2883080483749365958,45-49 ans,M,TRUE,Bourgogne-Franche-Comté,2025
U-4919809272285468276,35-39 ans,F,TRUE,Île-de-France,2022
U682607025783480308,50-54 ans,Non renseigné,FALSE,Île-de-France,2023
U-3382938365503266109,35-39 ans,F,TRUE,Grand Est,2025
U6656350468694302970,30-34 ans,M,TRUE,Auvergne-Rhône-Alpes,2022
U626121397974965046,25-29 ans,M,TRUE,Nouvelle-Aquitaine,2024
U4459394592383370717,40-44 ans,M,TRUE,Bretagne,2025
U-7168915509985822344,40-44 ans,Non renseigné,FALSE,Hauts-de-France,2022
U4875650707877301538,30-34 ans,Non renseigné,FALSE,Hauts-de-France,2022
U6703047116463316043,30-34 ans,Non renseigné,FALSE,Île-de-France,2022
U-484955440962274945,45-49 ans,F,TRUE,Pays de la Loire,2023
U-4739562971530308853,55-59 ans,M,TRUE,Centre-Val de Loire,2024
U-6465433147725957851,35-39 ans,M,TRUE,Île-de-France,2022
U7374423198509770165,35-39 ans,F,TRUE,Île-de-France,2024
U-260025015344860508,50-54 ans,Non renseigné,FALSE,Île-de-France,2023
U7455492920407671431,30-34 ans,M,TRUE,Nouvelle-Aquitaine,2025
U1464536307834458530,45-49 ans,Non renseigné,FALSE,Grand Est,2024
U-2816187649836265310,30-34 ans,F,TRUE,Grand Est,2022
U9178007426530912930,30-34 ans,M,TRUE,Hauts-de-France,2025
U-3971386421479937528,40-44 ans,M,TRUE,Auvergne-Rhône-Alpes,2025
U5759300620668241493,25-29 ans,Non renseigné,FALSE,Occitanie,2022
U4333762656531553529,25-29 ans,M,TRUE,Île-de-France,2024
U5950216443161238183,30-34 ans,M,TRUE,Île-de-France,2022
U-6916091860807207257,30-34 ans,Non renseigné,FALSE,Île-de-France,2023
U-5393185431249136895,35-39 ans,M,TRUE,Provence-Alpes-Côte d'Azur,2025
U735362739719926722,25-29 ans,F,TRUE,Provence-Alpes-Côte d'Azur,2022
U-7969861600753700467,30-34 ans,M,TRUE,Pays de la Loire,2023
U-7727664395263494815,25-29 ans,Non renseigné,FALSE,Provence-Alpes-Côte d'Azur,2023
U-7324916666886535920,25-29 ans,M,TRUE,Nouvelle-Aquitaine,2022
U-8616819899160816904,30-34 ans,F,TRUE,Île-de-France,2024
U411072519346478995,30-34 ans,M,TRUE,Île-de-France,2023
U2290953663754199539,35-39 ans,F,TRUE,Provence-Alpes-Côte d'Azur,2024
U6573962347185711653,35-39 ans,M,TRUE,Occitanie,2025
U-2789052691873892707,40-44 ans,M,TRUE,Provence-Alpes-Côte d'Azur,2025
U-956478137522474051,35-39 ans,Non renseigné,FALSE,Île-de-France,2025
U-5485037536814452372,30-34 ans,M,TRUE,Île-de-France,2025
U3470808165972782864,30-34 ans,F,TRUE,Île-de-France,2025
U-840004688784485496,30-34 ans,Non renseigné,FALSE,Île-de-France,2022
U7662694845064504174,20-24 ans,Non renseigné,FALSE,Nouvelle-Aquitaine,2023
U7605889728102910022,30-34 ans,Non renseigné,FALSE,Île-de-France,2023
U1491168472958976409,35-39 ans,M,TRUE,Île-de-France,2023
U-8973273393512570598,25-29 ans,M,TRUE,Occitanie,2022
U2945647238883100739,35-39 ans,M,TRUE,Bretagne,2022
U-4433129803768051036,55-59 ans,Non renseigné,FALSE,Grand Est,2022
U4758758051106452391,30-34 ans,M,TRUE,Île-de-France,2023
U-8498960783496399051,40-44 ans,M,TRUE,Auvergne-Rhône-Alpes,2024
U-6179606084334061994,35-39 ans,Non renseigné,FALSE,Île-de-France,2023
U8831992770305421590,30-34 ans,Non renseigné,FALSE,Île-de-France,2022
U-1935414764974628243,35-39 ans,Non renseigné,FALSE,Île-de-France,2023
U-1118156622525800666,30-34 ans,Non renseigné,FALSE,Île-de-France,2023
U-3768113859021961195,35-39 ans,M,TRUE,Île-de-France,2022
U-4437711004835401742,40-44 ans,Non renseigné,FALSE,Île-de-France,2023
U-1187854993925850585,25-29 ans,Non renseigné,FALSE,Centre-Val de Loire,2023
U-2577927648739242509,25-29 ans,M,TRUE,Île-de-France,2025
U3139545146666396723,25-29 ans,Non renseigné,FALSE,Nouvelle-Aquitaine,2022
U-1082128193542165135,35-39 ans,Non renseigné,FALSE,Pays de la Loire,2023
U5790013964298357379,35-39 ans,Non renseigné,FALSE,Hauts-de-France,2022
U-5298338633717520612,25-29 ans,F,TRUE,Île-de-France,2025
U-2163848991676045918,60 ans ou plus,Non renseigné,FALSE,Île-de-France,2022
U-6859762534617603456,45-49 ans,M,TRUE,Centre-Val de Loire,2025
U-8535061668412348846,30-34 ans,M,TRUE,Normandie,2022
U4448129076222264334,35-39 ans,M,TRUE,Grand Est,2024
U-997935675255521792,25-29 ans,F,TRUE,Grand Est,2022
U7128293074306612713,25-29 ans,Non renseigné,FALSE,Île-de-France,2022
U6621321649545091968,35-39 ans,M,TRUE,Auvergne-Rhône-Alpes,2023
U7176624688144812594,25-29 ans,M,TRUE,Île-de-France,2025
U7823810759252741399,50-54 ans,M,TRUE,Île-de-France,2023
U-4588665527519154426,45-49 ans,M,TRUE,Île-de-France,2025
U-8217445586851107897,30-34 ans,Non renseigné,FALSE,Île-de-France,2023
U-5204606027653547848,45-49 ans,M,TRUE,Provence-Alpes-Côte d'Azur,2025
U472791092548548851,25-29 ans,M,TRUE,Grand Est,2024
U-3326045316892459248,25-29 ans,F,TRUE,Île-de-France,2024
U5138095593695997380,30-34 ans,F,TRUE,Occitanie,2025
U-6519034861514398053,30-34 ans,F,TRUE,Occitanie,2024
U-2305010712298657006,25-29 ans,M,TRUE,Auvergne-Rhône-Alpes,2024
U6340228519824386812,35-39 ans,F,TRUE,Auvergne-Rhône-Alpes,2025
U-5347589842636596030,25-29 ans,M,TRUE,Île-de-France,2023
U-2388055103031453894,35-39 ans,Non renseigné,FALSE,Auvergne-Rhône-Alpes,2022
U1757368171383515870,30-34 ans,F,TRUE,Île-de-France,2024
U9139139897119670097,50-54 ans,M,TRUE,Île-de-France,2023
U3972400148247851630,35-39 ans,F,TRUE,Île-de-France,2024
U-2283837568026691915,45-49 ans,Non renseigné,FALSE,Île-de-France,2022
U7033876816738071288,30-34 ans,M,TRUE,Provence-Alpes-Côte d'Azur,2024
U4667296253457896922,30-34 ans,M,TRUE,Île-de-France,2023
U-5117461717004596247,30-34 ans,F,TRUE,Occitanie,2024
U-1078657632406711503,30-34 ans,M,TRUE,Auvergne-Rhône-Alpes,2025
U-3473741076707136227,45-49 ans,M,TRUE,Pays de la Loire,2022
U4170737585797200308,25-29 ans,Non renseigné,FALSE,Île-de-France,2022
U1813097132842251554,25-29 ans,Non renseigné,FALSE,Bretagne,2023
U6682248101869573104,30-34 ans,F,TRUE,Bretagne,2025
U-3130642312672791726,30-34 ans,F,TRUE,Île-de-France,2025
U2545590812376121600,45-49 ans,Non renseigné,FALSE,Île-de-France,2022
U7250053415538172917,45-49 ans,M,TRUE,Île-de-France,2022
U27837455344236504,20-24 ans,M,TRUE,Centre-Val de Loire,2024
U4587787759898488681,45-49 ans,M,TRUE,Auvergne-Rhône-Alpes,2024
U-7141661488995634418,25-29 ans,Non renseigné,FALSE,Île-de-France,2022
U-288220828740468755,40-44 ans,Non renseigné,FALSE,Île-de-France,2022
U-3510447601143121291,25-29 ans,Non renseigné,FALSE,Île-de-France,2023
U252432142932818132,25-29 ans,M,TRUE,Normandie,2022
U2342555937640023005,25-29 ans,M,TRUE,Normandie,2025
U5137153716100141445,25-29 ans,M,TRUE,Île-de-France,2025
U2145264000869963260,45-49 ans,F,TRUE,Bretagne,2025
U917650762086862376,25-29 ans,Non renseigné,FALSE,Île-de-France,2023
U32230814255514720,30-34 ans,M,TRUE,Île-de-France,2025
U-5867062003631694712,50-54 ans,Non renseigné,FALSE,Île-de-France,2022
U-4623160095213449657,45-49 ans,F,TRUE,Occitanie,2025
U4997653292260221289,30-34 ans,Non renseigné,FALSE,Auvergne-Rhône-Alpes,2023
U-4844641948702450645,25-29 ans,M,TRUE,Île-de-France,2022
U-5707543465599348035,35-39 ans,M,TRUE,Occitanie,2025
U8819783775414460743,45-49 ans,F,TRUE,Bretagne,2024
U-7182977309314007990,35-39 ans,F,TRUE,Île-de-France,2023
U-1464440913049485985,40-44 ans,M,TRUE,Nouvelle-Aquitaine,2024
U-7766100485724221785,30-34 ans,Non renseigné,FALSE,Île-de-France,2022
U1932969749560550284,55-59 ans,F,TRUE,Pays de la Loire,2025
U6985258364061038781,35-39 ans,M,TRUE,Île-de-France,2022
U-2048447638013687684,30-34 ans,F,TRUE,Île-de-France,2024
U4892100953596910473,55-59 ans,M,TRUE,Île-de-France,2023
U-6207894170679522130,35-39 ans,Non renseigné,FALSE,Pays de la Loire,2024
U4291851960725106398,50-54 ans,M,TRUE,Nouvelle-Aquitaine,2022
U-4247115232883315827,25-29 ans,Non renseigné,FALSE,DROM,2025
U7564452786576350693,30-34 ans,Non renseigné,FALSE,Nouvelle-Aquitaine,2022
U-315395955942035959,35-39 ans,M,TRUE,Nouvelle-Aquitaine,2024
U-4554885710211773500,30-34 ans,F,TRUE,Grand Est,2024
U5770199423257030986,50-54 ans,Non renseigné,FALSE,Pays de la Loire,2022
U85557918195919283,35-39 ans,Non renseigné,FALSE,Île-de-France,2022
U7712080333012686674,40-44 ans,Non renseigné,FALSE,Auvergne-Rhône-Alpes,2023
U-5914934719251559214,20-24 ans,M,TRUE,Île-de-France,2025
U472192960817701233,20-24 ans,M,TRUE,Île-de-France,2025
U-5708407517412305347,25-29 ans,M,TRUE,Hauts-de-France,2025
U-2542804990531592690,55-59 ans,Non renseigné,FALSE,Provence-Alpes-Côte d'Azur,2022
U4115884629954677399,25-29 ans,Non renseigné,FALSE,Île-de-France,2025
U-7923914290210164766,30-34 ans,M,TRUE,Île-de-France,2022
U3368691423591012790,40-44 ans,F,TRUE,Provence-Alpes-Côte d'Azur,2025
U8071098024013545047,25-29 ans,M,TRUE,Auvergne-Rhône-Alpes,2025
U7263091286618271602,40-44 ans,Non renseigné,FALSE,Pays de la Loire,2022
U-2615613702990513046,35-39 ans,F,TRUE,Île-de-France,2024
U8265843439719217459,45-49 ans,M,TRUE,Île-de-France,2023
U-7790559595954220280,35-39 ans,Non renseigné,FALSE,Auvergne-Rhône-Alpes,2022
U-8475714712248351609,40-44 ans,Non renseigné,FALSE,Bretagne,2023
U-7505471250763605096,30-34 ans,F,TRUE,Île-de-France,2025
U-5083845552158604418,30-34 ans,M,TRUE,Provence-Alpes-Côte d'Azur,2023
U7641129830576896866,30-34 ans,Non renseigné,FALSE,Île-de-France,2025
U6153604287828427442,35-39 ans,M,TRUE,Île-de-France,2023
U8680714628208807998,25-29 ans,M,TRUE,Nouvelle-Aquitaine,2024
U-1527402212863530607,40-44 ans,M,TRUE,Hauts-de-France,2023
U6112281599460160931,40-44 ans,F,TRUE,Île-de-France,2025
U1193209668280953721,30-34 ans,F,TRUE,Pays de la Loire,2024
U-5512793037215372999,45-49 ans,M,TRUE,Grand Est,2022
U-3347253060164140959,50-54 ans,Non renseigné,FALSE,Hauts-de-France,2024
U1213940455107586386,60 ans ou plus,Non renseigné,FALSE,Île-de-France,2023
U6443713927130117925,35-39 ans,F,TRUE,Île-de-France,2025
U-3646065075750925574,45-49 ans,Non renseigné,FALSE,Île-de-France,2022
U8786992599160539316,35-39 ans,M,TRUE,Grand Est,2024
U-1722175248645706673,40-44 ans,M,TRUE,Occitanie,2022
U-1764953721079262604,40-44 ans,M,TRUE,Provence-Alpes-Côte d'Azur,2022
U-3746503768400152595,40-44 ans,M,TRUE,Provence-Alpes-Côte d'Azur,2022
U-8466771883374346562,30-34 ans,M,TRUE,Nouvelle-Aquitaine,2024
U-3249033092396246863,35-39 ans,M,TRUE,Occitanie,2025
U510459186106581004,50-54 ans,M,TRUE,Hauts-de-France,2022
U1582624567086969825,30-34 ans,Non renseigné,FALSE,Provence-Alpes-Côte d'Azur,2022
U-2534987711240035084,30-34 ans,M,TRUE,Île-de-France,2022
U-6124871008091269668,45-49 ans,M,TRUE,Centre-Val de Loire,2022
U-8459686539539130313,25-29 ans,M,TRUE,Nouvelle-Aquitaine,2025
U6111025430300952936,30-34 ans,F,TRUE,Île-de-France,2023
U8368528612026879273,40-44 ans,Non renseigné,FALSE,Auvergne-Rhône-Alpes,2022
U-4351694444438280706,45-49 ans,F,TRUE,Île-de-France,2024
U2153530329300766314,35-39 ans,M,TRUE,Provence-Alpes-Côte d'Azur,2022
U-8896705673683554327,35-39 ans,F,TRUE,Île-de-France,2022
U2690494864603142624,30-34 ans,Non renseigné,FALSE,Île-de-France,2022
U-2649849429367935244,20-24 ans,F,TRUE,Provence-Alpes-Côte d'Azur,2025
U-9009624006234338662,35-39 ans,M,TRUE,Île-de-France,2025
U714498563845794596,35-39 ans,F,TRUE,Hauts-de-France,2022
U-8715986097855815874,50-54 ans,Non renseigné,FALSE,Nouvelle-Aquitaine,2023
U5526037935533208999,30-34 ans,F,TRUE,Île-de-France,2024
U3260769464974810894,25-29 ans,F,TRUE,Provence-Alpes-Côte d'Azur,2024
U6374781492122485645,25-29 ans,M,TRUE,Île-de-France,2023
U7209583872823606388,45-49 ans,M,TRUE,Auvergne-Rhône-Alpes,2022
U38564403188087665,55-59 ans,M,TRUE,Hauts-de-France,2024
U-4835715368066341637,30-34 ans,F,TRUE,Nouvelle-Aquitaine,2025
U-260921804625092381,35-39 ans,Non renseigné,FALSE,Provence-Alpes-Côte d'Azur,2024
U4437959401467723685,20-24 ans,M,TRUE,Nouvelle-Aquitaine,2023
U-8943419718384089948,25-29 ans,M,TRUE,Île-de-France,2022
U8393534786291451920,40-44 ans,Non renseigné,FALSE,Grand Est,2022
U-7141527334853741716,30-34 ans,M,TRUE,Provence-Alpes-Côte d'Azur,2022
U-1164386950652278298,35-39 ans,M,TRUE,Île-de-France,2024
U-4946648575851471509,25-29 ans,Non renseigné,FALSE,Île-de-France,2022
U-9102537631962035870,30-34 ans,Non renseigné,FALSE,Île-de-France,2022
U-7746264293948341308,50-54 ans,F,TRUE,Hauts-de-France,2023
U8917673027987135390,25-29 ans,Non renseigné,FALSE,Île-de-France,2024
U-4013107686010160128,25-29 ans,Non renseigné,FALSE,Île-de-France,2023
U3609496954159372922,35-39 ans,Non renseigné,FALSE,Île-de-France,2023
U6375145068559179049,25-29 ans,F,TRUE,Île-de-France,2025
U-8805896619301036649,35-39 ans,Non renseigné,FALSE,Île-de-France,2023
U-6437887173577987873,40-44 ans,Non renseigné,FALSE,Pays de la Loire,2023
U-5951590016640530122,35-39 ans,F,TRUE,Hauts-de-France,2022
U-5918482964980543457,25-29 ans,Non renseigné,FALSE,Île-de-France,2023
U6757760391432565324,30-34 ans,Non renseigné,FALSE,Île-de-France,2025
U9067473061137364912,25-29 ans,F,TRUE,Grand Est,2024
U-1697845631501550405,20-24 ans,Non renseigné,FALSE,Île-de-France,2022
U2463807563284531109,35-39 ans,M,TRUE,Pays de la Loire,2022
U1994105373309673164,25-29 ans,M,TRUE,Bretagne,2022
U-1128491144296545060,30-34 ans,M,TRUE,Auvergne-Rhône-Alpes,2023
U-2230766206995838234,30-34 ans,M,TRUE,Provence-Alpes-Côte d'Azur,2022
U7785312067764694265,30-34 ans,F,TRUE,Île-de-France,2023
U2735354825556287963,30-34 ans,M,TRUE,Grand Est,2024
U7930823697354290615,35-39 ans,Non renseigné,FALSE,Île-de-France,2023
U5993732086067792418,50-54 ans,Non renseigné,FALSE,Île-de-France,2022
U815805164669359352,35-39 ans,M,TRUE,Nouvelle-Aquitaine,2024
U-1596461571294859557,25-29 ans,Non renseigné,FALSE,Hauts-de-France,2022
U8742999110400778647,25-29 ans,Non renseigné,FALSE,Île-de-France,2023
U-9031557542815540418,40-44 ans,Non renseigné,FALSE,Occitanie,2023
U3265909319218285308,35-39 ans,F,TRUE,Île-de-France,2024
U-1239033034392348918,25-29 ans,M,TRUE,Île-de-France,2024
U7543780720470269322,40-44 ans,Non renseigné,FALSE,Nouvelle-Aquitaine,2022
U-8389542908360875363,25-29 ans,M,TRUE,Île-de-France,2022
U-1938218992487283559,25-29 ans,M,TRUE,Hauts-de-France,2025
U-8225363440530281047,25-29 ans,M,TRUE,Auvergne-Rhône-Alpes,2025
U-8540493569856720195,25-29 ans,M,TRUE,Bourgogne-Franche-Comté,2025
U-6157347774374596132,25-29 ans,M,TRUE,Nouvelle-Aquitaine,2024
U2793433816981984774,25-29 ans,Non renseigné,FALSE,Grand Est,2022
U3779167824913457913,25-29 ans,F,TRUE,Île-de-France,2024
U5015847726408195445,30-34 ans,Non renseigné,FALSE,Île-de-France,2023
U-2137076920399391659,25-29 ans,M,TRUE,Grand Est,2024
U-7324355112923209358,45-49 ans,M,TRUE,Nouvelle-Aquitaine,2025
U-2863655002264339658,30-34 ans,M,TRUE,Hauts-de-France,2022
U-210434267889715226,35-39 ans,M,TRUE,Occitanie,2022
U-5311526199923961424,40-44 ans,F,TRUE,Île-de-France,2023
U5480885717482180820,25-29 ans,F,TRUE,Bourgogne-Franche-Comté,2025
U8387092067878027806,45-49 ans,F,TRUE,Grand Est,2022
U6917855588008748568,45-49 ans,F,TRUE,Île-de-France,2022
U-4200767259160836465,30-34 ans,Non renseigné,FALSE,Île-de-France,2022
U134137610401633548,30-34 ans,M,TRUE,DROM,2024
U-6585215658842615601,45-49 ans,M,TRUE,DROM,2024
U1632449443671457677,30-34 ans,F,TRUE,Île-de-France,2025
U-8950567393011697281,35-39 ans,F,TRUE,Auvergne-Rhône-Alpes,2022
U-4223838926736164539,25-29 ans,M,TRUE,Hauts-de-France,2025
U7344099271476198908,40-44 ans,M,TRUE,Hauts-de-France,2022
U-2361344968268467755,25-29 ans,F,TRUE,Provence-Alpes-Côte d'Azur,2024
U4487272510314637775,35-39 ans,M,TRUE,Île-de-France,2023
U432692576018401963,40-44 ans,M,TRUE,Île-de-France,2022
U-5996458667948927573,30-34 ans,M,TRUE,Île-de-France,2023
U-8070651281470500384,35-39 ans,Non renseigné,FALSE,Île-de-France,2022
U3536288591902850911,45-49 ans,M,TRUE,Île-de-France,2025
U6429045003370369860,30-34 ans,Non renseigné,FALSE,Île-de-France,2023
U809953164714595293,35-39 ans,F,TRUE,Île-de-France,2023
U-8779895232221620368,30-34 ans,Non renseigné,FALSE,Auvergne-Rhône-Alpes,2022
U-1270571142473807841,25-29 ans,M,TRUE,Hauts-de-France,2024
U-8719108783392864471,40-44 ans,F,TRUE,Île-de-France,2023
U-6735166214759798904,30-34 ans,M,TRUE,Normandie,2025
U-2074318480606540060,35-39 ans,F,TRUE,Grand Est,2022
U1432323883727147001,30-34 ans,F,TRUE,Auvergne-Rhône-Alpes,2025
U6711313917332784553,30-34 ans,M,TRUE,Provence-Alpes-Côte d'Azur,2024
U3075410695909097212,30-34 ans,Non renseigné,FALSE,Île-de-France,2022
U5390728584160329514,40-44 ans,F,TRUE,Île-de-France,2025
U980701032694558482,40-44 ans,Non renseigné,FALSE,Pays de la Loire,2022
U-5691029417602990852,50-54 ans,Non renseigné,FALSE,Île-de-France,2022
U-1593999359938903412,25-29 ans,Non renseigné,FALSE,Normandie,2022
U6648279788725519432,50-54 ans,M,TRUE,Île-de-France,2025
U-3765393439597136452,30-34 ans,M,TRUE,Bretagne,2022
U170859245805945035,30-34 ans,Non renseigné,FALSE,Île-de-France,2023
U-1037131916474001658,30-34 ans,M,TRUE,Provence-Alpes-Côte d'Azur,2023
U1286923720170750434,50-54 ans,M,TRUE,Nouvelle-Aquitaine,2024
U8415596235291402134,35-39 ans,M,TRUE,Île-de-France,2022
U-3938023529767307734,35-39 ans,Non renseigné,FALSE,Bourgogne-Franche-Comté,2022
U4078479183922975213,40-44 ans,Non renseigné,FALSE,Provence-Alpes-Côte d'Azur,2022
U-6467965933213702233,25-29 ans,F,TRUE,Île-de-France,2024
U-8476202290700626764,40-44 ans,F,TRUE,Île-de-France,2024
U-8324150957573988077,25-29 ans,F,TRUE,Île-de-France,2024
U-3547713309331639810,30-34 ans,M,TRUE,Provence-Alpes-Côte d'Azur,2023
U-8634204193424496825,55-59 ans,M,TRUE,Provence-Alpes-Côte d'Azur,2022
U7608013405921213079,60 ans ou plus,M,TRUE,Bretagne,2022
U-8285768544909631945,35-39 ans,Non renseigné,FALSE,Bretagne,2023
U4920977499594474559,35-39 ans,M,TRUE,Grand Est,2025
U3370265433546314746,40-44 ans,M,TRUE,Île-de-France,2023
U3942888450307623947,25-29 ans,M,TRUE,Île-de-France,2025
U4272514555442130375,20-24 ans,M,TRUE,Bretagne,2025
U-4559302560988985522,30-34 ans,Non renseigné,FALSE,Provence-Alpes-Côte d'Azur,2023
U3663998378981053951,45-49 ans,M,TRUE,Occitanie,2024
U-2052484269608735584,55-59 ans,Non renseigné,FALSE,Île-de-France,2023
U-7322734103470694680,35-39 ans,F,TRUE,Occitanie,2025
U4522577062490281300,25-29 ans,M,TRUE,Île-de-France,2024
U-6727036440702377229,25-29 ans,M,TRUE,Grand Est,2023
U9166631282976244671,30-34 ans,Non renseigné,FALSE,Île-de-France,2022
U4241473467422801704,35-39 ans,Non renseigné,FALSE,Pays de la Loire,2023
U1120731084827550286,35-39 ans,M,TRUE,Île-de-France,2025
U3866930825800608321,30-34 ans,M,TRUE,Île-de-France,2025
U1526415836257789227,30-34 ans,M,TRUE,Grand Est,2023
U1863112951589635905,30-34 ans,M,TRUE,Occitanie,2022
U6463070722523122661,30-34 ans,Non renseigné,FALSE,Île-de-France,2023
U-2054192727312506929,40-44 ans,Non renseigné,FALSE,Occitanie,2022
U1093929522598711597,30-34 ans,Non renseigné,FALSE,Hauts-de-France,2023
U5336034592870796120,35-39 ans,Non renseigné,FALSE,Hauts-de-France,2023
U-1749334960023172846,35-39 ans,F,TRUE,Île-de-France,2023
U-8255417082277960887,35-39 ans,M,TRUE,Île-de-France,2025
U7776926529680052163,40-44 ans,Non renseigné,FALSE,Île-de-France,2022
U-2086846469662935714,40-44 ans,F,TRUE,Occitanie,2025
U6287185560715449837,30-34 ans,Non renseigné,FALSE,Île-de-France,2023
U8243286054260442121,35-39 ans,M,TRUE,Auvergne-Rhône-Alpes,2022
U6752262632384484966,30-34 ans,M,TRUE,Île-de-France,2024
U3528278445478872793,45-49 ans,F,TRUE,Hauts-de-France,2023
U-6984954263832343318,30-34 ans,M,TRUE,Île-de-France,2025
U4231700188548952552,25-29 ans,F,TRUE,Île-de-France,2025
U-8867944990779824818,25-29 ans,F,TRUE,Île-de-France,2022
U-2845442550570584460,45-49 ans,M,TRUE,Hauts-de-France,2024
U7301302474480518134,40-44 ans,M,TRUE,Île-de-France,2023
U1708388149848831288,50-54 ans,F,TRUE,Pays de la Loire,2022
U2621704900106471404,30-34 ans,F,TRUE,Grand Est,2025
U-903276328501958019,30-34 ans,M,TRUE,Île-de-France,2025
U-8483122041046761361,30-34 ans,M,TRUE,Auvergne-Rhône-Alpes,2022
U2523988885489208152,45-49 ans,Non renseigné,FALSE,Île-de-France,2023
U-1313116421690548044,25-29 ans,M,TRUE,Île-de-France,2023
U-6729765906688004904,40-44 ans,M,TRUE,Île-de-France,2023
U44679189209275104,30-34 ans,F,TRUE,Bretagne,2025
U8906008827826926631,30-34 ans,F,TRUE,Pays de la Loire,2025
U-827753201549387952,40-44 ans,F,TRUE,Provence-Alpes-Côte d'Azur,2025
U-143114079076936780,45-49 ans,M,TRUE,Nouvelle-Aquitaine,2023
U4076414549012583868,35-39 ans,M,TRUE,Grand Est,2025
U3277935489612820303,25-29 ans,M,TRUE,Île-de-France,2025
U8697628229720017859,25-29 ans,Non renseigné,FALSE,Nouvelle-Aquitaine,2022
U2383592177977780535,30-34 ans,M,TRUE,Hauts-de-France,2022
U5430823969666593800,35-39 ans,Non renseigné,FALSE,Île-de-France,2025
U-6477871404599383227,50-54 ans,M,TRUE,Bourgogne-Franche-Comté,2022
U-318526261337000602,30-34 ans,M,TRUE,Hauts-de-France,2022
U-2303655245224409260,20-24 ans,M,TRUE,Auvergne-Rhône-Alpes,2025
U8851714445864218437,40-44 ans,F,TRUE,Île-de-France,2023
U-5140407633425932362,40-44 ans,Non renseigné,FALSE,Nouvelle-Aquitaine,2023
U5317045742609071989,60 ans ou plus,M,TRUE,Auvergne-Rhône-Alpes,2023
U-4802775967327408469,35-39 ans,M,TRUE,Occitanie,2024
U7285653395317318525,40-44 ans,Non renseigné,FALSE,Provence-Alpes-Côte d'Azur,2023
U-7161976973936189600,25-29 ans,M,TRUE,Île-de-France,2025
U2321547942340970467,50-54 ans,M,TRUE,DROM,2023
U2037687871246716590,30-34 ans,M,TRUE,Bourgogne-Franche-Comté,2025
U36101382133703983,30-34 ans,M,TRUE,Nouvelle-Aquitaine,2023
U-4422225903931635291,40-44 ans,F,TRUE,Île-de-France,2022
U2384245157675896771,25-29 ans,Non renseigné,FALSE,Île-de-France,2022
U6788203937455182075,25-29 ans,M,TRUE,Île-de-France,2024
U6619340634242399197,30-34 ans,M,TRUE,Île-de-France,2024
U-8027932650373861501,30-34 ans,Non renseigné,FALSE,Centre-Val de Loire,2022
U-7766668027894326645,25-29 ans,Non renseigné,FALSE,Nouvelle-Aquitaine,2022
U-3898627422166350699,30-34 ans,F,TRUE,Provence-Alpes-Côte d'Azur,2025
U-2280311866061211571,30-34 ans,M,TRUE,Île-de-France,2023
U-2981493823986516115,40-44 ans,F,TRUE,Île-de-France,2024
U3345509276389163741,30-34 ans,M,TRUE,Grand Est,2023
U-6730431616940378397,25-29 ans,F,TRUE,Île-de-France,2025
U-3582546274550397266,35-39 ans,M,TRUE,Bretagne,2024
U-6824584600206749867,25-29 ans,M,TRUE,Île-de-France,2024
U906589201936707347,30-34 ans,F,TRUE,Île-de-France,2025
U-3063729857245111389,30-34 ans,M,TRUE,Île-de-France,2023
U5974191026064489830,35-39 ans,Non renseigné,FALSE,Normandie,2023
U-2539730874619016502,40-44 ans,M,TRUE,Île-de-France,2022
U4534914605152074809,35-39 ans,Non renseigné,FALSE,Île-de-France,2022
U-2903410695485984255,30-34 ans,Non renseigné,FALSE,Normandie,2025
U-1624352339935276975,60 ans ou plus,M,TRUE,Centre-Val de Loire,2025
U7754554979050736511,30-34 ans,Non renseigné,FALSE,Île-de-France,2025
U-1826390227613124046,20-24 ans,M,TRUE,Bourgogne-Franche-Comté,2025
U-2955182378042110251,40-44 ans,M,TRUE,Île-de-France,2024
U4145172266288446909,30-34 ans,F,TRUE,Centre-Val de Loire,2022
U8537746240482827044,35-39 ans,Non renseigné,FALSE,Île-de-France,2022
U7198778652577239798,35-39 ans,F,TRUE,Île-de-France,2022
U-4720738521392149294,45-49 ans,M,TRUE,Île-de-France,2023
U-1927463194807775384,35-39 ans,M,TRUE,Normandie,2025
U5717004167436738861,35-39 ans,Non renseigné,FALSE,Nouvelle-Aquitaine,2023
U6276799878900033925,60 ans ou plus,M,TRUE,Île-de-France,2023
U9018056513323741025,45-49 ans,F,TRUE,Bourgogne-Franche-Comté,2023
U8134666454520668094,45-49 ans,M,TRUE,Île-de-France,2023
U6178825988028358075,25-29 ans,M,TRUE,Île-de-France,2023
U80584872808092608,30-34 ans,M,TRUE,Île-de-France,2023
U7342982317150344222,40-44 ans,Non renseigné,FALSE,Occitanie,2022
U-6226058335797698172,45-49 ans,M,TRUE,Hauts-de-France,2022
U2624003346603402010,25-29 ans,M,TRUE,Normandie,2023
U215580306239394582,50-54 ans,Non renseigné,FALSE,Île-de-France,2022
U-5752000253187707605,40-44 ans,Non renseigné,FALSE,Île-de-France,2024
U3580820987784420841,25-29 ans,M,TRUE,Île-de-France,2025
U8538404016032268480,35-39 ans,F,TRUE,Île-de-France,2022
U-4991829258087246282,50-54 ans,Non renseigné,FALSE,Provence-Alpes-Côte d'Azur,2022
U-8070695040285553057,45-49 ans,F,TRUE,Île-de-France,2025
U1196827152266197979,30-34 ans,Non renseigné,FALSE,Île-de-France,2022
U-8891699576730357355,30-34 ans,Non renseigné,FALSE,Île-de-France,2022
U3293285881868724931,30-34 ans,Non renseigné,FALSE,Île-de-France,2022
U-3707596515065823004,40-44 ans,F,TRUE,Nouvelle-Aquitaine,2024
U-3609656717846594508,30-34 ans,F,TRUE,Auvergne-Rhône-Alpes,2023
U-4160480394449588614,25-29 ans,F,TRUE,Occitanie,2025
U7408145040929708071,50-54 ans,F,TRUE,Île-de-France,2025
U8221775569545413386,45-49 ans,Non renseigné,FALSE,Normandie,2025
U-6421761462566762220,35-39 ans,M,TRUE,Pays de la Loire,2022
U4945262347210102768,30-34 ans,Non renseigné,FALSE,Île-de-France,2022
U2446243532304707371,40-44 ans,Non renseigné,FALSE,Auvergne-Rhône-Alpes,2023
U3238232837117274617,25-29 ans,M,TRUE,Île-de-France,2025
U-5315369057485261918,30-34 ans,M,TRUE,Centre-Val de Loire,2025
U728135030226915506,40-44 ans,Non renseigné,FALSE,Île-de-France,2022
U3848268139316570781,20-24 ans,M,TRUE,Normandie,2024
U6534306722736094927,30-34 ans,F,TRUE,Grand Est,2022
U-8281318204417313042,25-29 ans,M,TRUE,Auvergne-Rhône-Alpes,2025
U2016808808694663188,35-39 ans,M,TRUE,Hauts-de-France,2022
U5449854078891567249,25-29 ans,M,TRUE,Île-de-France,2023
U5279220699752913772,25-29 ans,M,TRUE,Provence-Alpes-Côte d'Azur,2023
U2701644375862175515,20-24 ans,F,TRUE,Île-de-France,2022
U7255564086636549807,50-54 ans,M,TRUE,Provence-Alpes-Côte d'Azur,2024
U-7108722474670035448,20-24 ans,M,TRUE,Île-de-France,2023
U-3269126520484175365,35-39 ans,F,TRUE,Île-de-France,2022
U8032640623205845997,40-44 ans,F,TRUE,Île-de-France,2022
U-3725632997230038056,40-44 ans,M,TRUE,Île-de-France,2022
U1437230147736147136,35-39 ans,M,TRUE,Centre-Val de Loire,2024
U-4426516691047110864,25-29 ans,M,TRUE,Pays de la Loire,2024
U6071290768865968339,25-29 ans,Non renseigné,FALSE,Hauts-de-France,2024
U4206492950309428528,25-29 ans,M,TRUE,Île-de-France,2023
U3517739885476669855,45-49 ans,M,TRUE,Île-de-France,2022
U1082443465312052549,35-39 ans,Non renseigné,FALSE,Île-de-France,2024
U8526617413362919449,55-59 ans,M,TRUE,Île-de-France,2025
U-5703417717626797024,35-39 ans,Non renseigné,FALSE,Île-de-France,2025
U-8768365363392422581,40-44 ans,F,TRUE,Hauts-de-France,2025
U-9211868231706355332,20-24 ans,M,TRUE,Auvergne-Rhône-Alpes,2025
U-3619536071974548328,25-29 ans,F,TRUE,Auvergne-Rhône-Alpes,2024
U-2058680501605853496,55-59 ans,M,TRUE,Provence-Alpes-Côte d'Azur,2024
U-1594170110882499166,30-34 ans,Non renseigné,FALSE,Auvergne-Rhône-Alpes,2022
U5337280547746463913,25-29 ans,F,TRUE,Île-de-France,2024
U-4822258078120055273,30-34 ans,Non renseigné,FALSE,Provence-Alpes-Côte d'Azur,2024
U-6704736651283654361,35-39 ans,F,TRUE,Île-de-France,2023
U8034860099860831402,40-44 ans,M,TRUE,Occitanie,2022
U9009628722054872703,50-54 ans,F,TRUE,Hauts-de-France,2022
U1863506000429186957,50-54 ans,Non renseigné,FALSE,Île-de-France,2023
U-84193462517758681,30-34 ans,M,TRUE,DROM,2022
U-6396805421992842275,45-49 ans,M,TRUE,Auvergne-Rhône-Alpes,2025
U4749445119084594852,45-49 ans,Non renseigné,FALSE,Île-de-France,2023
U-4937560618662023453,40-44 ans,F,TRUE,Hauts-de-France,2022
U1632515841690650167,40-44 ans,M,TRUE,Hauts-de-France,2023
U243121411187739469,30-34 ans,M,TRUE,Nouvelle-Aquitaine,2022
U-8434787209734990204,40-44 ans,Non renseigné,FALSE,Hauts-de-France,2022
U-4981248416194596287,20-24 ans,M,TRUE,Auvergne-Rhône-Alpes,2024
U-6745791433614903162,35-39 ans,M,TRUE,Occitanie,2022
U7074184102060329895,30-34 ans,M,TRUE,Auvergne-Rhône-Alpes,2022
U5484867391999719715,30-34 ans,F,TRUE,Grand Est,2025
U152851255598803426,25-29 ans,Non renseigné,FALSE,Grand Est,2023
U2067324267771122816,25-29 ans,F,TRUE,Auvergne-Rhône-Alpes,2022
U5075037714154741996,30-34 ans,M,TRUE,Hauts-de-France,2022
U-3453254088074329380,60 ans ou plus,Non renseigné,FALSE,Île-de-France,2023
U-258952491054354786,30-34 ans,Non renseigné,FALSE,Île-de-France,2022
U-743693089708686563,30-34 ans,M,TRUE,Île-de-France,2025
U-7043915493764418483,25-29 ans,F,TRUE,Île-de-France,2025
U9117753811421575684,45-49 ans,F,TRUE,DROM,2025
U8937119647561946867,30-34 ans,Non renseigné,FALSE,Île-de-France,2022
U-1960599077511277459,30-34 ans,Non renseigné,FALSE,Île-de-France,2022
U-6275859555623968936,30-34 ans,Non renseigné,FALSE,Île-de-France,2022
U-2634615202840508435,30-34 ans,M,TRUE,Île-de-France,2022
U-1895421441975483718,30-34 ans,F,TRUE,Île-de-France,2023
U3945843241951252448,25-29 ans,Non renseigné,FALSE,Centre-Val de Loire,2022
U-1626305674892642576,30-34 ans,M,TRUE,Hauts-de-France,2024
U1665684020690242379,40-44 ans,M,TRUE,Bretagne,2024
U3737651002344673894,50-54 ans,M,TRUE,Hauts-de-France,2025
U3453147990226441100,25-29 ans,F,TRUE,Grand Est,2025
U-6104244786905057711,25-29 ans,Non renseigné,FALSE,Île-de-France,2022
U2697443109921310570,40-44 ans,Non renseigné,FALSE,Île-de-France,2022
U7702810851949288864,35-39 ans,M,TRUE,Île-de-France,2023
U4866398454865487623,25-29 ans,M,TRUE,Île-de-France,2024
U7364598795361911001,50-54 ans,M,TRUE,DROM,2022
U9190562715256364060,25-29 ans,F,TRUE,Île-de-France,2025
U-160061468818042624,25-29 ans,M,TRUE,Île-de-France,2022
U-7848968852577474540,30-34 ans,Non renseigné,FALSE,Bretagne,2023
U2456362325809678155,35-39 ans,M,TRUE,Pays de la Loire,2025
U5094633600303124467,50-54 ans,M,TRUE,Île-de-France,2022
U8789358979427612181,50-54 ans,Non renseigné,FALSE,Île-de-France,2022
U1983857714701974120,30-34 ans,Non renseigné,FALSE,Île-de-France,2022
U6286378731345338373,35-39 ans,M,TRUE,Hauts-de-France,2025
U7887582262571940589,40-44 ans,Non renseigné,FALSE,Auvergne-Rhône-Alpes,2024
U-5449858757225516664,30-34 ans,M,TRUE,Île-de-France,2022
U-586676576402357504,35-39 ans,M,TRUE,Normandie,2025
U3693073218746225790,30-34 ans,F,TRUE,Île-de-France,2023
U-8666276919030943853,25-29 ans,M,TRUE,Occitanie,2025
U6089379733194438011,30-34 ans,M,TRUE,Normandie,2025
U-8946106272267913818,30-34 ans,M,TRUE,Île-de-France,2024
U-6967708771989726774,25-29 ans,F,TRUE,Île-de-France,2023
U-6780708989696463708,50-54 ans,Non renseigné,FALSE,Auvergne-Rhône-Alpes,2024
U2416347197106387727,60 ans ou plus,Non renseigné,FALSE,Île-de-France,2022
U4822054144279267441,35-39 ans,M,TRUE,Grand Est,2025
U-4203664837886930203,45-49 ans,M,TRUE,Bourgogne-Franche-Comté,2022
U-5415363655718001707,30-34 ans,F,TRUE,Auvergne-Rhône-Alpes,2023
U1536778380214366538,35-39 ans,F,TRUE,Centre-Val de Loire,2024
U-36870128203105945,35-39 ans,M,TRUE,Île-de-France,2022
U6413484715023581034,50-54 ans,F,TRUE,Île-de-France,2025
U-4698401696981322204,35-39 ans,F,TRUE,Centre-Val de Loire,2023
U-8881589666546050752,25-29 ans,M,TRUE,Nouvelle-Aquitaine,2023
U-6353680509380314516,25-29 ans,F,TRUE,Île-de-France,2023
U2342876806542472866,30-34 ans,Non renseigné,FALSE,Grand Est,2022
U4692695311180721930,30-34 ans,F,TRUE,Île-de-France,2023
U6967201897145665367,25-29 ans,M,TRUE,Île-de-France,2023
U-4490648263104744384,30-34 ans,M,TRUE,Île-de-France,2022
U-4062362003978477343,40-44 ans,M,TRUE,Île-de-France,2022
U6991269705667848014,25-29 ans,M,TRUE,Île-de-France,2023
U7599771817815792832,50-54 ans,F,TRUE,Occitanie,2024
U9060762417874315864,40-44 ans,M,TRUE,Occitanie,2023
U5482915197039806816,40-44 ans,Non renseigné,FALSE,Hauts-de-France,2022
U7314605063699966235,30-34 ans,M,TRUE,Île-de-France,2022
U4078426577280894991,30-34 ans,M,TRUE,Île-de-France,2025
U5121499155555123482,30-34 ans,M,TRUE,Occitanie,2022
U4463806211190130086,30-34 ans,M,TRUE,Île-de-France,2025
U-539470125724986984,30-34 ans,Non renseigné,FALSE,Île-de-France,2023
U-6434819366925747757,25-29 ans,M,TRUE,Île-de-France,2023
U8718466141475727346,45-49 ans,F,TRUE,Île-de-France,2022
U-2027350930636367380,30-34 ans,M,TRUE,Provence-Alpes-Côte d'Azur,2024
U7361114697901680316,45-49 ans,F,TRUE,Auvergne-Rhône-Alpes,2025
U6232134464957055379,30-34 ans,M,TRUE,Bourgogne-Franche-Comté,2022
U4161962311062109967,20-24 ans,M,TRUE,Île-de-France,2025
U-4991084239745331102,25-29 ans,Non renseigné,FALSE,Île-de-France,2023
U2338224896810854236,35-39 ans,M,TRUE,Nouvelle-Aquitaine,2022
U719447111620427615,40-44 ans,M,TRUE,Île-de-France,2025
U332418667004563743,35-39 ans,F,TRUE,Île-de-France,2023
U4052758018814492662,20-24 ans,M,TRUE,Occitanie,2025
U905297842183581087,25-29 ans,Non renseigné,FALSE,Grand Est,2022
U-1075759791705028681,45-49 ans,M,TRUE,Île-de-France,2025
U-1846344162892489096,40-44 ans,F,TRUE,Provence-Alpes-Côte d'Azur,2024
U6763512239720257587,50-54 ans,M,TRUE,Provence-Alpes-Côte d'Azur,2022
U403296691965875599,35-39 ans,F,TRUE,Île-de-France,2022
U7523030665477652093,50-54 ans,M,TRUE,Île-de-France,2025
U-1299026534496553001,20-24 ans,M,TRUE,Nouvelle-Aquitaine,2025
U6325226756343354603,35-39 ans,F,TRUE,Bretagne,2024
U-6903703789445321294,40-44 ans,M,TRUE,Auvergne-Rhône-Alpes,2024
U451340271728713361,40-44 ans,Non renseigné,FALSE,Île-de-France,2022
U-7201116533797067887,25-29 ans,F,TRUE,Île-de-France,2023
U6251686779100791581,30-34 ans,F,TRUE,Occitanie,2023
U2360332809930311684,25-29 ans,M,TRUE,Île-de-France,2025
U-1112716976670947126,25-29 ans,F,TRUE,Île-de-France,2023
U-5887322340483796747,25-29 ans,F,TRUE,Île-de-France,2025
U-8264774162448075546,30-34 ans,M,TRUE,Hauts-de-France,2022
U399971685662305708,30-34 ans,M,TRUE,Grand Est,2025
U-8523116128781825046,20-24 ans,M,TRUE,Île-de-France,2025
U-7000653266605173678,30-34 ans,Non renseigné,FALSE,Hauts-de-France,2025
U5620071296103126014,25-29 ans,F,TRUE,Île-de-France,2025
U2213335991658647193,30-34 ans,M,TRUE,Nouvelle-Aquitaine,2024
U-3476581006539163075,35-39 ans,M,TRUE,Hauts-de-France,2025
U-6069622728426777490,20-24 ans,M,TRUE,Grand Est,2024
U-1437469923342752229,35-39 ans,Non renseigné,FALSE,Île-de-France,2022
U-8473521518613041954,30-34 ans,F,TRUE,Auvergne-Rhône-Alpes,2024
U-4792365455455622977,30-34 ans,Non renseigné,FALSE,Auvergne-Rhône-Alpes,2022
U2661594974951704115,40-44 ans,Non renseigné,FALSE,Hauts-de-France,2022
U1451857797815793816,25-29 ans,Non renseigné,FALSE,Île-de-France,2022
U1695934573048668403,30-34 ans,M,TRUE,Auvergne-Rhône-Alpes,2024
U-8487616220393463434,30-34 ans,F,TRUE,Île-de-France,2023
U-6609604264480051826,30-34 ans,F,TRUE,Île-de-France,2025
U9011907662151041762,25-29 ans,M,TRUE,Grand Est,2023
U4713823885626187853,40-44 ans,Non renseigné,FALSE,Île-de-France,2023
U5249354072481878320,35-39 ans,F,TRUE,Île-de-France,2023
U1919143305606955227,30-34 ans,Non renseigné,FALSE,Occitanie,2023
U-1880755868922456718,55-59 ans,Non renseigné,FALSE,Nouvelle-Aquitaine,2022
U-1844883068746349890,40-44 ans,F,TRUE,Île-de-France,2025
U-6986921403871531022,60 ans ou plus,Non renseigné,FALSE,Provence-Alpes-Côte d'Azur,2022
U3900021708214826885,30-34 ans,F,TRUE,Provence-Alpes-Côte d'Azur,2025
U6218181049156520266,30-34 ans,M,TRUE,Provence-Alpes-Côte d'Azur,2022
U-7819324859860711699,25-29 ans,M,TRUE,Grand Est,2023
U-423185737289307896,45-49 ans,M,TRUE,Île-de-France,2023
U842937451532233335,30-34 ans,M,TRUE,Île-de-France,2023
U-6281520190328826238,40-44 ans,M,TRUE,Grand Est,2023
U-593671644695366656,25-29 ans,Non renseigné,FALSE,Centre-Val de Loire,2022
U5775307697140589331,30-34 ans,M,TRUE,Grand Est,2022
U-3916985391458784499,45-49 ans,F,TRUE,Pays de la Loire,2022
U-6148860410509185911,25-29 ans,Non renseigné,FALSE,Auvergne-Rhône-Alpes,2023
U4020195536494737775,30-34 ans,F,TRUE,Nouvelle-Aquitaine,2024
U7778391586990444651,40-44 ans,Non renseigné,FALSE,Hauts-de-France,2022
U750021276773091570,40-44 ans,Non renseigné,FALSE,Auvergne-Rhône-Alpes,2022
U-6187355969429353893,30-34 ans,M,TRUE,Centre-Val de Loire,2023
U-7569519824405019890,30-34 ans,M,TRUE,DROM,2022
U-1559504702228298533,25-29 ans,M,TRUE,Île-de-France,2023
U3425901069020469833,45-49 ans,M,TRUE,Nouvelle-Aquitaine,2023
U7212706120487259531,20-24 ans,M,TRUE,Bretagne,2025
U-999270088027449091,45-49 ans,M,TRUE,Île-de-France,2023
U-5315407468154034104,30-34 ans,F,TRUE,Île-de-France,2023
U1509277656604015116,30-34 ans,M,TRUE,Pays de la Loire,2022
U2863077688469922916,40-44 ans,Non renseigné,FALSE,Île-de-France,2023
U-2427204603316798918,50-54 ans,F,TRUE,Provence-Alpes-Côte d'Azur,2025
U-5265653125130548099,50-54 ans,M,TRUE,Bretagne,2023
U-5800059979287701403,40-44 ans,M,TRUE,Pays de la Loire,2024
U-1563128513863739768,35-39 ans,F,TRUE,Île-de-France,2025
U-451517250725169036,35-39 ans,Non renseigné,FALSE,Île-de-France,2023
U1135174451878467138,25-29 ans,F,TRUE,Provence-Alpes-Côte d'Azur,2024
U-4909146635217464516,30-34 ans,M,TRUE,Nouvelle-Aquitaine,2024
U3166041708449687074,20-24 ans,M,TRUE,Occitanie,2024
U3665112948417551860,25-29 ans,M,TRUE,Île-de-France,2023
U8925348811420452282,55-59 ans,Non renseigné,FALSE,Grand Est,2025
U7204577332444835172,20-24 ans,M,TRUE,Grand Est,2022
U326753578512901150,40-44 ans,M,TRUE,Occitanie,2025
U-3739699028619551510,55-59 ans,Non renseigné,FALSE,Île-de-France,2023
U4717066612880627770,20-24 ans,M,TRUE,Île-de-France,2025
U-8035116028320848385,30-34 ans,M,TRUE,Île-de-France,2024
U591730174316502659,55-59 ans,M,TRUE,Hauts-de-France,2024
U1348017437682345927,40-44 ans,F,TRUE,Grand Est,2022
U-968404733123649878,25-29 ans,M,TRUE,Normandie,2025
U6038901109343262357,40-44 ans,F,TRUE,Nouvelle-Aquitaine,2022
U-8087886196190819329,30-34 ans,Non renseigné,FALSE,Île-de-France,2022
U-3417000749544662375,30-34 ans,Non renseigné,FALSE,Occitanie,2022
U-7728345310268542798,20-24 ans,M,TRUE,Auvergne-Rhône-Alpes,2025
U4948760658051250100,40-44 ans,M,TRUE,Hauts-de-France,2022
U-422019091646637490,30-34 ans,M,TRUE,Grand Est,2025
U7194579642084526361,35-39 ans,M,TRUE,Hauts-de-France,2025
U-8711218721585367591,45-49 ans,M,TRUE,Bretagne,2022
U4439297993169585651,25-29 ans,M,TRUE,Île-de-France,2024
U1502893968414312254,35-39 ans,M,TRUE,Île-de-France,2023
U-8653401185329190416,25-29 ans,M,TRUE,Normandie,2023
U-157723515442489703,60 ans ou plus,Non renseigné,FALSE,Nouvelle-Aquitaine,2022
U7054014684367438632,25-29 ans,M,TRUE,Île-de-France,2024
U8206809844383616874,30-34 ans,Non renseigné,FALSE,Île-de-France,2022
U-2241302815533210393,25-29 ans,M,TRUE,Nouvelle-Aquitaine,2025
U9192696637058865705,30-34 ans,M,TRUE,Île-de-France,2022
U1678767960213817628,35-39 ans,M,TRUE,Île-de-France,2025
U1749861078440797054,30-34 ans,M,TRUE,Hauts-de-France,2022
U-5632027163752571353,50-54 ans,Non renseigné,FALSE,Grand Est,2024
U1415372675614255300,50-54 ans,Non renseigné,FALSE,Île-de-France,2023
U-5901629122826593540,30-34 ans,Non renseigné,FALSE,Provence-Alpes-Côte d'Azur,2022
U2904964605466067784,40-44 ans,F,TRUE,Île-de-France,2022
U-2969153539545659480,25-29 ans,M,TRUE,Occitanie,2024
U2628316237033197339,45-49 ans,F,TRUE,Provence-Alpes-Côte d'Azur,2022
U-2365652567974707733,30-34 ans,M,TRUE,Grand Est,2023
U-7528984522254758119,40-44 ans,M,TRUE,Île-de-France,2023
U-4840534368113007246,40-44 ans,M,TRUE,DROM,2024
U778593201317207559,40-44 ans,F,TRUE,Normandie,2024
U6399276652153050553,35-39 ans,Non renseigné,FALSE,Auvergne-Rhône-Alpes,2023
U-32019849202480313,35-39 ans,M,TRUE,Auvergne-Rhône-Alpes,2025
U-3330989144022804853,35-39 ans,M,TRUE,Île-de-France,2025
U-6760825085193780277,50-54 ans,Non renseigné,FALSE,Hauts-de-France,2022
U-5578350211372849022,30-34 ans,F,TRUE,Île-de-France,2023
U-4541838112733287258,25-29 ans,M,TRUE,Île-de-France,2024
U-2283830123104814970,30-34 ans,M,TRUE,Hauts-de-France,2025
U-3839890904676051718,30-34 ans,F,TRUE,Hauts-de-France,2022
U2343378566742065541,30-34 ans,Non renseigné,FALSE,Île-de-France,2022
U3876712693387777150,40-44 ans,M,TRUE,Île-de-France,2022
U-6839620479066074451,40-44 ans,Non renseigné,FALSE,Île-de-France,2022
U-969631472986019094,30-34 ans,Non renseigné,FALSE,Grand Est,2022
U-1282858028998380609,40-44 ans,Non renseigné,FALSE,Île-de-France,2023
U-2562732802084378413,35-39 ans,F,TRUE,Île-de-France,2023
U-2871476858974770153,40-44 ans,M,TRUE,Centre-Val de Loire,2022
U4136419822514678213,25-29 ans,M,TRUE,Île-de-France,2024
U-6408414416635611753,25-29 ans,M,TRUE,Auvergne-Rhône-Alpes,2025
U5636319228637455658,25-29 ans,M,TRUE,Occitanie,2022
U3912364801900516782,35-39 ans,M,TRUE,Provence-Alpes-Côte d'Azur,2024
U-9153412128453275218,35-39 ans,Non renseigné,FALSE,Grand Est,2022
U-2482764253403987892,40-44 ans,F,TRUE,Occitanie,2023
U1263977261281470067,35-39 ans,M,TRUE,Pays de la Loire,2023
U-3455430018843128414,50-54 ans,M,TRUE,Hauts-de-France,2022
U3084192275397230886,35-39 ans,M,TRUE,Provence-Alpes-Côte d'Azur,2025
U-5014572279336330238,35-39 ans,F,TRUE,Auvergne-Rhône-Alpes,2025
U-779881580830865746,30-34 ans,F,TRUE,Pays de la Loire,2024
U-8809359531278454056,40-44 ans,F,TRUE,Île-de-France,2022
U-2801414483103080681,35-39 ans,M,TRUE,DROM,2022
U-5739282448780528157,35-39 ans,F,TRUE,Occitanie,2024
U1783363790239578172,40-44 ans,Non renseigné,FALSE,Île-de-France,2023
U4065550875652916982,40-44 ans,M,TRUE,Auvergne-Rhône-Alpes,2023
U-4255157481895475978,25-29 ans,Non renseigné,FALSE,Île-de-France,2022
U2705990689981311834,50-54 ans,M,TRUE,Pays de la Loire,2022
U4230247605432074758,35-39 ans,Non renseigné,FALSE,Bretagne,2022
U-710474061563181938,35-39 ans,Non renseigné,FALSE,Île-de-France,2024
U-8411040770509842453,35-39 ans,M,TRUE,Auvergne-Rhône-Alpes,2022
U-2348813526439359761,40-44 ans,M,TRUE,Auvergne-Rhône-Alpes,2024
U-7582050255390466051,25-29 ans,M,TRUE,Nouvelle-Aquitaine,2024
U23255895551430298,55-59 ans,Non renseigné,FALSE,Occitanie,2023
U-3698540277317553675,35-39 ans,F,TRUE,Île-de-France,2025
U2115731868600395252,30-34 ans,M,TRUE,Bourgogne-Franche-Comté,2022
U8698516421584306165,25-29 ans,Non renseigné,FALSE,Île-de-France,2022
U7553161786898082411,40-44 ans,M,TRUE,Île-de-France,2025
U-26142629247882567,55-59 ans,F,TRUE,Île-de-France,2023
U3934776828676831111,40-44 ans,Non renseigné,FALSE,Grand Est,2022
U8358234046105231151,45-49 ans,Non renseigné,FALSE,Île-de-France,2023
U5857733038037219102,30-34 ans,M,TRUE,Île-de-France,2023
U-2696525019571805551,30-34 ans,M,TRUE,Provence-Alpes-Côte d'Azur,2023
U-5012470742624196991,30-34 ans,M,TRUE,Provence-Alpes-Côte d'Azur,2025
U-1599376375320066239,40-44 ans,M,TRUE,Bretagne,2024
U4775981373359331036,50-54 ans,M,TRUE,Auvergne-Rhône-Alpes,2024
U5182831259960838745,30-34 ans,F,TRUE,Île-de-France,2022
U3457079503091775409,20-24 ans,M,TRUE,Provence-Alpes-Côte d'Azur,2023
U-9163524963749677416,30-34 ans,F,TRUE,Île-de-France,2023
U-6319845620629159608,35-39 ans,Non renseigné,FALSE,Île-de-France,2022
U-419006703111841941,40-44 ans,F,TRUE,Nouvelle-Aquitaine,2025
U-898170112394646433,30-34 ans,Non renseigné,FALSE,Hauts-de-France,2025
U8831029937761151900,35-39 ans,F,TRUE,Bretagne,2022
U2463348332381333734,30-34 ans,Non renseigné,FALSE,Île-de-France,2023
U6198229545444735814,30-34 ans,M,TRUE,Auvergne-Rhône-Alpes,2024
U-161494829439531520,25-29 ans,Non renseigné,FALSE,Île-de-France,2023
U-102167698859350410,30-34 ans,Non renseigné,FALSE,Occitanie,2022
U-6252273952073474708,40-44 ans,F,TRUE,Île-de-France,2022
U2120626743285738957,30-34 ans,Non renseigné,FALSE,Occitanie,2022
U-1280501733709797385,25-29 ans,F,TRUE,Île-de-France,2023
U-1959336373315683576,35-39 ans,Non renseigné,FALSE,Île-de-France,2025
U7413852857607221296,50-54 ans,M,TRUE,Île-de-France,2022
U-7512013381557806795,25-29 ans,Non renseigné,FALSE,Île-de-France,2022
U-5734645593340591634,20-24 ans,M,TRUE,Hauts-de-France,2023
U7109232394491822326,25-29 ans,M,TRUE,Occitanie,2023
U-1322317789246122160,30-34 ans,Non renseigné,FALSE,Auvergne-Rhône-Alpes,2023
U-6481023911310329521,25-29 ans,M,TRUE,Grand Est,2025
U-5986492604317703913,20-24 ans,M,TRUE,Île-de-France,2025
U-304756733573304829,30-34 ans,Non renseigné,FALSE,Île-de-France,2024
U-1668836477287982876,25-29 ans,Non renseigné,FALSE,Île-de-France,2023
U-5116023668416096774,40-44 ans,M,TRUE,Auvergne-Rhône-Alpes,2022
U-3965115916196174941,50-54 ans,M,TRUE,Île-de-France,2022
U-1434110478108815418,45-49 ans,Non renseigné,FALSE,Île-de-France,2023
U-2460716320757418142,40-44 ans,Non renseigné,FALSE,Île-de-France,2023
U-1846156978040646139,25-29 ans,F,TRUE,Île-de-France,2025
U5166886524866306134,35-39 ans,M,TRUE,Grand Est,2022
U6353517217391637013,30-34 ans,M,TRUE,Île-de-France,2025
U-854951462287699270,25-29 ans,M,TRUE,Hauts-de-France,2023
U-3874501332451657102,25-29 ans,Non renseigné,FALSE,Hauts-de-France,2022
U-7063496813239896556,25-29 ans,Non renseigné,FALSE,Île-de-France,2023
U-639474717144391329,50-54 ans,Non renseigné,FALSE,Île-de-France,2024
U-5690170042974787608,30-34 ans,M,TRUE,Île-de-France,2023
U-4779656885565541692,25-29 ans,M,TRUE,Île-de-France,2025
U-783038083297125674,20-24 ans,M,TRUE,Nouvelle-Aquitaine,2025
U-1634335311169513627,40-44 ans,M,TRUE,Île-de-France,2023
U6957538357604571495,30-34 ans,Non renseigné,FALSE,Auvergne-Rhône-Alpes,2022
U-8294047687177764277,50-54 ans,Non renseigné,FALSE,Pays de la Loire,2022
U3421316066522643672,35-39 ans,M,TRUE,Île-de-France,2024
U4179142864071675975,30-34 ans,M,TRUE,Hauts-de-France,2025
U-1403986843310705895,50-54 ans,M,TRUE,Île-de-France,2024
U-5557161226458408529,45-49 ans,Non renseigné,FALSE,Hauts-de-France,2022
U-1606688026714751185,60 ans ou plus,Non renseigné,FALSE,Île-de-France,2022
U-6435219930018789064,30-34 ans,M,TRUE,Centre-Val de Loire,2023
U-6646879987180034996,35-39 ans,M,TRUE,Hauts-de-France,2023
U3268698506425334883,25-29 ans,M,TRUE,Hauts-de-France,2025
U-633275518416676399,25-29 ans,M,TRUE,Île-de-France,2025
U7145215533771107667,35-39 ans,F,TRUE,Île-de-France,2024
U7376297084048769099,45-49 ans,F,TRUE,Île-de-France,2023
U5623767660570445512,40-44 ans,Non renseigné,FALSE,Normandie,2023
U-299600166927144330,30-34 ans,F,TRUE,Île-de-France,2022
U-6423846103777687049,40-44 ans,M,TRUE,Hauts-de-France,2022
U-8699317534125753290,40-44 ans,Non renseigné,FALSE,Bretagne,2022
U1873060736678032075,25-29 ans,M,TRUE,Île-de-France,2023
U-7344439552109257841,45-49 ans,F,TRUE,Île-de-France,2024
U-5131306189103639066,35-39 ans,M,TRUE,Auvergne-Rhône-Alpes,2023
U7820688441618443761,45-49 ans,M,TRUE,Provence-Alpes-Côte d'Azur,2022
U-2568133048342785915,30-34 ans,Non renseigné,FALSE,Île-de-France,2022
U4099322435753475579,25-29 ans,Non renseigné,FALSE,Île-de-France,2025
U6543432440341934457,25-29 ans,F,TRUE,Provence-Alpes-Côte d'Azur,2024
U-2803516333884476326,30-34 ans,M,TRUE,Île-de-France,2023
U-6997569929687915474,35-39 ans,F,TRUE,Auvergne-Rhône-Alpes,2022
U8383551364603362964,35-39 ans,Non renseigné,FALSE,Île-de-France,2025
U-6970381480245212906,55-59 ans,Non renseigné,FALSE,Provence-Alpes-Côte d'Azur,2023
U8221630092028590318,30-34 ans,M,TRUE,Pays de la Loire,2023
U7574408114887322124,25-29 ans,M,TRUE,Normandie,2023
U6039589520260764880,50-54 ans,Non renseigné,FALSE,Île-de-France,2022
U-4235805446666171584,20-24 ans,M,TRUE,Centre-Val de Loire,2022
U1253277845542547890,35-39 ans,M,TRUE,Bourgogne-Franche-Comté,2025
U-757436588575487337,40-44 ans,Non renseigné,FALSE,Nouvelle-Aquitaine,2022
U-7395223769468979717,40-44 ans,M,TRUE,Grand Est,2022
U-8187380919225793464,35-39 ans,M,TRUE,Île-de-France,2023
U5058896106467668946,25-29 ans,Non renseigné,FALSE,Auvergne-Rhône-Alpes,2022
U8531149072151979617,30-34 ans,Non renseigné,FALSE,Centre-Val de Loire,2024
U8813560706719678832,50-54 ans,F,TRUE,Île-de-France,2022
U3199775638115483305,45-49 ans,M,TRUE,Auvergne-Rhône-Alpes,2023
U-8648711976778589341,30-34 ans,F,TRUE,Île-de-France,2024
U-5077453645857726173,30-34 ans,Non renseigné,FALSE,Île-de-France,2023
U-9107818387718049851,25-29 ans,M,TRUE,Auvergne-Rhône-Alpes,2022
U-2150864511261662118,25-29 ans,M,TRUE,Île-de-France,2023
U-4942039592682127879,30-34 ans,F,TRUE,Île-de-France,2022
U2841510013404691053,40-44 ans,F,TRUE,Île-de-France,2025
U1318977887110842515,30-34 ans,M,TRUE,Île-de-France,2025
U-1901617414014774737,25-29 ans,M,TRUE,Hauts-de-France,2023
U3607782311657187837,30-34 ans,F,TRUE,Île-de-France,2024
U-562356186828760328,40-44 ans,M,TRUE,Hauts-de-France,2023
U-6092855956685653839,30-34 ans,F,TRUE,Pays de la Loire,2022
U3270140181332481215,50-54 ans,F,TRUE,Occitanie,2025
U586391805379479209,55-59 ans,M,TRUE,Île-de-France,2023
U7216326497059181468,25-29 ans,M,TRUE,Hauts-de-France,2025
U1378854194748258553,40-44 ans,M,TRUE,Île-de-France,2025
U-8536212854835203823,35-39 ans,F,TRUE,Île-de-France,2022
U873642539066910070,40-44 ans,M,TRUE,Grand Est,2025
U-7224309414977171375,40-44 ans,F,TRUE,Provence-Alpes-Côte d'Azur,2025
U-5521031216762010260,45-49 ans,Non renseigné,FALSE,Île-de-France,2025
U-2390675716774054111,30-34 ans,F,TRUE,Grand Est,2022
U-1436854936313519310,45-49 ans,M,TRUE,Île-de-France,2025
U3764490732028990128,30-34 ans,F,TRUE,Nouvelle-Aquitaine,2025
U4440991869358511290,50-54 ans,F,TRUE,Île-de-France,2025
U6043141575441284411,30-34 ans,F,TRUE,Normandie,2023
U2498174825456766650,25-29 ans,M,TRUE,Île-de-France,2024
U6521490678682718460,40-44 ans,M,TRUE,Grand Est,2024
U6112407267027154081,25-29 ans,Non renseigné,FALSE,Île-de-France,2022
U-1893422895687535541,35-39 ans,M,TRUE,Provence-Alpes-Côte d'Azur,2022
U-9115692744609504011,25-29 ans,F,TRUE,Occitanie,2022
U1772693436794915229,30-34 ans,M,TRUE,Île-de-France,2022
U8531090579074467640,25-29 ans,M,TRUE,Île-de-France,2025
U-9094343997844184953,45-49 ans,M,TRUE,Occitanie,2025
U-8245354950745636257,45-49 ans,M,TRUE,Auvergne-Rhône-Alpes,2024
U-128954801625979662,35-39 ans,M,TRUE,Grand Est,2022
U4196091327494569435,30-34 ans,M,TRUE,Île-de-France,2023
U7126670336115375264,30-34 ans,M,TRUE,Occitanie,2022
U-868890413588976659,35-39 ans,M,TRUE,Île-de-France,2022
U-1717206875686150854,45-49 ans,M,TRUE,Grand Est,2025
U-3557064777361785601,50-54 ans,Non renseigné,FALSE,Île-de-France,2022
U-2071440463285742573,20-24 ans,M,TRUE,Provence-Alpes-Côte d'Azur,2025
U348124357733014065,45-49 ans,F,TRUE,Île-de-France,2025
U357666962551811230,30-34 ans,Non renseigné,FALSE,Île-de-France,2022
U4068399694402046985,35-39 ans,Non renseigné,FALSE,Occitanie,2022
U1727994921990317371,25-29 ans,M,TRUE,Occitanie,2025
U-2216913412910477301,40-44 ans,M,TRUE,Auvergne-Rhône-Alpes,2024
U2740297622372455919,20-24 ans,M,TRUE,Auvergne-Rhône-Alpes,2024
U6271620365212080597,40-44 ans,Non renseigné,FALSE,Île-de-France,2022
U-7713554804181379875,30-34 ans,M,TRUE,Nouvelle-Aquitaine,2022
U9095602438816550762,25-29 ans,M,TRUE,Grand Est,2024
U8275620277707031136,45-49 ans,Non renseigné,FALSE,Île-de-France,2023
U-3561054202171497952,35-39 ans,M,TRUE,Centre-Val de Loire,2022
U8309755485503054531,30-34 ans,M,TRUE,Pays de la Loire,2023
U7221119574159631479,35-39 ans,M,TRUE,Provence-Alpes-Côte d'Azur,2024
U-216163005842940985,30-34 ans,M,TRUE,Nouvelle-Aquitaine,2023
U6377409864636062640,20-24 ans,M,TRUE,Île-de-France,2024
U-5484569559182452840,20-24 ans,M,TRUE,Île-de-France,2023
U980251895337709815,30-34 ans,Non renseigné,FALSE,Pays de la Loire,2022
U-574840030610857136,35-39 ans,Non renseigné,FALSE,Nouvelle-Aquitaine,2022
U1879692886916245630,55-59 ans,Non renseigné,FALSE,Île-de-France,2023
U6324465892590510923,45-49 ans,Non renseigné,FALSE,Île-de-France,2022
U4761560441664172339,35-39 ans,M,TRUE,Occitanie,2024
U-6207550661042479882,40-44 ans,Non renseigné,FALSE,Île-de-France,2022
U2377688757295432363,20-24 ans,M,TRUE,Bourgogne-Franche-Comté,2025
U1029211581162007523,25-29 ans,M,TRUE,Provence-Alpes-Côte d'Azur,2025
U-4927716952877172376,25-29 ans,F,TRUE,Auvergne-Rhône-Alpes,2022
U-6642116881694195015,40-44 ans,M,TRUE,Grand Est,2023
U7863431757418085669,40-44 ans,Non renseigné,FALSE,Nouvelle-Aquitaine,2022
U-4755991148799050690,35-39 ans,M,TRUE,Provence-Alpes-Côte d'Azur,2023
U-5985470565559271960,45-49 ans,M,TRUE,Île-de-France,2025
U-7446963767487763795,25-29 ans,M,TRUE,Île-de-France,2022
U-382467615802388240,30-34 ans,Non renseigné,FALSE,Île-de-France,2023
U-8182752197417639707,60 ans ou plus,Non renseigné,FALSE,Provence-Alpes-Côte d'Azur,2023
U-1495669520284257614,25-29 ans,F,TRUE,Grand Est,2024
U8423081162573402326,25-29 ans,M,TRUE,Pays de la Loire,2023
U-7654922835153115574,25-29 ans,M,TRUE,Île-de-France,2024
U-211177265903017625,25-29 ans,M,TRUE,Île-de-France,2023
U-2397040351340661529,55-59 ans,M,TRUE,Occitanie,2025
U6679468401915430492,40-44 ans,Non renseigné,FALSE,Centre-Val de Loire,2023
U7532338611312615052,30-34 ans,F,TRUE,Grand Est,2022
U397965577877929957,25-29 ans,M,TRUE,Pays de la Loire,2024
U-2669260413925230258,20-24 ans,M,TRUE,Auvergne-Rhône-Alpes,2025
U-7093516509940637045,35-39 ans,M,TRUE,Île-de-France,2022
U4800121386110149140,25-29 ans,M,TRUE,Nouvelle-Aquitaine,2024
U-9136561817021374868,35-39 ans,F,TRUE,Bourgogne-Franche-Comté,2025
U700069426661541355,40-44 ans,M,TRUE,Normandie,2025
U-5157516670495530550,20-24 ans,M,TRUE,Île-de-France,2024
U-8906779247428395712,35-39 ans,M,TRUE,Auvergne-Rhône-Alpes,2025
U-6518523529584484281,30-34 ans,M,TRUE,Occitanie,2025
U-8014525377216387034,35-39 ans,M,TRUE,Pays de la Loire,2025
U12063978664402149,30-34 ans,Non renseigné,FALSE,Île-de-France,2023
U3943579866024834722,35-39 ans,Non renseigné,FALSE,Normandie,2023
U9164720945746203230,40-44 ans,M,TRUE,Île-de-France,2022
U-5885913387180329283,55-59 ans,M,TRUE,Île-de-France,2023
U7567313584303454017,30-34 ans,Non renseigné,FALSE,Provence-Alpes-Côte d'Azur,2022
U-8486706538399492962,45-49 ans,M,TRUE,Provence-Alpes-Côte d'Azur,2024
U7635598495673445602,55-59 ans,Non renseigné,FALSE,Île-de-France,2022
U7771105333384189441,30-34 ans,F,TRUE,Île-de-France,2024
U2181701941166128959,25-29 ans,M,TRUE,Nouvelle-Aquitaine,2024
U4809733431536917936,30-34 ans,M,TRUE,Grand Est,2025
U-6684524861450101115,40-44 ans,M,TRUE,Normandie,2025
U-3121847783027279694,30-34 ans,M,TRUE,Bourgogne-Franche-Comté,2022
U-7260833140689008166,25-29 ans,F,TRUE,Nouvelle-Aquitaine,2022
U-3738523176641482673,45-49 ans,F,TRUE,Île-de-France,2025
U-2885286565964546623,30-34 ans,M,TRUE,Auvergne-Rhône-Alpes,2022
U-3479281026897407502,25-29 ans,F,TRUE,Île-de-France,2024
U-2546440925938276812,30-34 ans,M,TRUE,Auvergne-Rhône-Alpes,2024
U-928956643944732070,45-49 ans,F,TRUE,DROM,2022
U2170520428162204360,45-49 ans,Non renseigné,FALSE,Île-de-France,2022
U-6215011578456705585,35-39 ans,M,TRUE,Île-de-France,2022
U-5063750174583026834,35-39 ans,M,TRUE,Île-de-France,2024
U445239567381110570,30-34 ans,Non renseigné,FALSE,Hauts-de-France,2022
U1181917675834959571,20-24 ans,M,TRUE,Auvergne-Rhône-Alpes,2025
U8450913273404837057,20-24 ans,F,TRUE,Auvergne-Rhône-Alpes,2024
U5488030846392028409,40-44 ans,F,TRUE,Île-de-France,2024
U-5557701590089324553,45-49 ans,Non renseigné,FALSE,Île-de-France,2023
U-7540653306873387647,45-49 ans,Non renseigné,FALSE,Hauts-de-France,2022
U483590888444049859,30-34 ans,M,TRUE,Île-de-France,2023
U3039026269512714797,35-39 ans,F,TRUE,Île-de-France,2022
U-8789236378322809508,30-34 ans,F,TRUE,Auvergne-Rhône-Alpes,2025
U921280294416590081,35-39 ans,M,TRUE,Occitanie,2024
U54112039813596504,40-44 ans,M,TRUE,Centre-Val de Loire,2022
U-8452908459724738366,40-44 ans,F,TRUE,Île-de-France,2025
U2428459337659369860,25-29 ans,F,TRUE,Île-de-France,2024
U-4982810414848265260,40-44 ans,Non renseigné,FALSE,Grand Est,2023
U-4829133008802958449,50-54 ans,F,TRUE,Nouvelle-Aquitaine,2024
U7417899046314957264,25-29 ans,M,TRUE,Centre-Val de Loire,2024
U5105046372741910765,45-49 ans,M,TRUE,Bretagne,2022
U6644833649444350764,40-44 ans,Non renseigné,FALSE,Provence-Alpes-Côte d'Azur,2023
U-9085222329997999034,45-49 ans,F,TRUE,Île-de-France,2023
U-8352337342082982212,25-29 ans,M,TRUE,Île-de-France,2024
U5092243528272289280,30-34 ans,F,TRUE,Provence-Alpes-Côte d'Azur,2025
U4993933841547398259,40-44 ans,F,TRUE,Île-de-France,2025
U-2539177472224225828,25-29 ans,Non renseigné,FALSE,Nouvelle-Aquitaine,2025
U4470164053005675000,25-29 ans,Non renseigné,FALSE,Île-de-France,2023
U-9219802831569978519,45-49 ans,F,TRUE,Provence-Alpes-Côte d'Azur,2025
U-3616557963249159631,40-44 ans,M,TRUE,Île-de-France,2022
U2333042847815800101,40-44 ans,M,TRUE,Île-de-France,2024
U-8742044143780213710,55-59 ans,M,TRUE,Auvergne-Rhône-Alpes,2022
U-1618474270766758287,30-34 ans,M,TRUE,Provence-Alpes-Côte d'Azur,2025
U9012549265762202868,25-29 ans,Non renseigné,FALSE,Île-de-France,2023
U-7115788746518412029,25-29 ans,M,TRUE,Provence-Alpes-Côte d'Azur,2024
U-2213251382172131573,30-34 ans,F,TRUE,Hauts-de-France,2024
U-1561895769958426821,20-24 ans,M,TRUE,Auvergne-Rhône-Alpes,2023
U-8237632812169902302,35-39 ans,F,TRUE,Île-de-France,2022
U5580966316787521230,40-44 ans,M,TRUE,Bretagne,2022
U-7231078026285402706,25-29 ans,M,TRUE,Hauts-de-France,2024
U-2249829524161498384,30-34 ans,F,TRUE,Île-de-France,2024
U-5875149092471673883,35-39 ans,M,TRUE,Occitanie,2022
U9085820338735635369,30-34 ans,M,TRUE,Provence-Alpes-Côte d'Azur,2022
U1693612237948278613,30-34 ans,M,TRUE,Bourgogne-Franche-Comté,2025
U995230527571817159,40-44 ans,M,TRUE,Île-de-France,2024
U-8034288795805899028,30-34 ans,F,TRUE,Centre-Val de Loire,2022
U2355453007219956385,40-44 ans,M,TRUE,Île-de-France,2023
U-7218696066993962046,30-34 ans,F,TRUE,Île-de-France,2023
U-9173344261554030031,40-44 ans,F,TRUE,Nouvelle-Aquitaine,2022
U9167252089394478371,40-44 ans,M,TRUE,Île-de-France,2024
U4077394578620239738,45-49 ans,F,TRUE,Île-de-France,2025
U8810211067134198197,40-44 ans,Non renseigné,FALSE,Île-de-France,2022
U5822230941145116520,30-34 ans,M,TRUE,Grand Est,2024
U6179483095642563638,25-29 ans,F,TRUE,Provence-Alpes-Côte d'Azur,2024
U-7909666651433909440,40-44 ans,Non renseigné,FALSE,Île-de-France,2022
U1233055299899574424,30-34 ans,M,TRUE,Auvergne-Rhône-Alpes,2022
U8284621078132640305,30-34 ans,M,TRUE,Nouvelle-Aquitaine,2023
U8534583423702149300,30-34 ans,M,TRUE,Auvergne-Rhône-Alpes,2025
U-7445031437372381898,30-34 ans,Non renseigné,FALSE,Provence-Alpes-Côte d'Azur,2022
U1633268812896363493,45-49 ans,Non renseigné,FALSE,Auvergne-Rhône-Alpes,2023
U1490344267366270109,30-34 ans,M,TRUE,Grand Est,2022
U-1801225998744901014,50-54 ans,Non renseigné,FALSE,Île-de-France,2022
U-341975069431500188,25-29 ans,F,TRUE,Nouvelle-Aquitaine,2024
U-9025419077941386833,40-44 ans,M,TRUE,DROM,2022
U-4540535541034204892,25-29 ans,F,TRUE,Bourgogne-Franche-Comté,2022
U277837109520447635,30-34 ans,M,TRUE,Île-de-France,2025
U1286586168053371090,20-24 ans,F,TRUE,Provence-Alpes-Côte d'Azur,2025
U-2502002118173326324,35-39 ans,F,TRUE,DROM,2023
U-1230544518380480813,45-49 ans,F,TRUE,Île-de-France,2022
U-8968374425260758316,55-59 ans,M,TRUE,Île-de-France,2022
U2724723076686966882,25-29 ans,M,TRUE,Occitanie,2025
U-5617854045820720098,45-49 ans,F,TRUE,Île-de-France,2022
U-5077221901243731201,30-34 ans,Non renseigné,FALSE,Île-de-France,2022
U-7976579523071617768,25-29 ans,Non renseigné,FALSE,Île-de-France,2022
U8647430963292141356,30-34 ans,F,TRUE,Auvergne-Rhône-Alpes,2025
U-8031503281618903647,25-29 ans,F,TRUE,Bourgogne-Franche-Comté,2022
U836199983475494627,25-29 ans,F,TRUE,Hauts-de-France,2023
U2083662361787236734,30-34 ans,M,TRUE,Île-de-France,2022
U-5502917902289389679,40-44 ans,Non renseigné,FALSE,Île-de-France,2022
U8978174959371292671,35-39 ans,M,TRUE,Île-de-France,2024
U-7964852506418490054,30-34 ans,M,TRUE,Grand Est,2024
U-5998951575466451593,35-39 ans,Non renseigné,FALSE,Île-de-France,2022
U-5477558602585414959,20-24 ans,F,TRUE,Île-de-France,2022
U-5317176992334399934,20-24 ans,F,TRUE,Île-de-France,2024
U-7952208707109380283,25-29 ans,M,TRUE,Provence-Alpes-Côte d'Azur,2025
U5042258894627816465,25-29 ans,M,TRUE,Bretagne,2023
U9105433569641790565,25-29 ans,Non renseigné,FALSE,Hauts-de-France,2022
U-4743851522841124816,20-24 ans,M,TRUE,Île-de-France,2025
U-6778945714732638429,35-39 ans,M,TRUE,Île-de-France,2025
U-1681488102081568775,25-29 ans,M,TRUE,Île-de-France,2024
U1338108802721215514,30-34 ans,Non renseigné,FALSE,Provence-Alpes-Côte d'Azur,2023
U1809289966313350481,55-59 ans,Non renseigné,FALSE,Auvergne-Rhône-Alpes,2023
U1018120428129959286,40-44 ans,F,TRUE,Île-de-France,2023
U6176582845262559773,60 ans ou plus,M,TRUE,Auvergne-Rhône-Alpes,2025
U4499953843874055419,20-24 ans,F,TRUE,Île-de-France,2024
U958734067054284683,35-39 ans,F,TRUE,Hauts-de-France,2024
U6100649783021978532,30-34 ans,M,TRUE,Auvergne-Rhône-Alpes,2023
U-558595379794205259,45-49 ans,F,TRUE,Nouvelle-Aquitaine,2023
U3281008738277572815,35-39 ans,F,TRUE,Île-de-France,2024
U-5893888795348415626,35-39 ans,M,TRUE,Occitanie,2023
U-18067385936124703,35-39 ans,F,TRUE,Île-de-France,2025
U-4808469287064440781,55-59 ans,F,TRUE,Île-de-France,2024
U2404360745142597028,30-34 ans,F,TRUE,Île-de-France,2022
U-8926925997915178026,25-29 ans,M,TRUE,Provence-Alpes-Côte d'Azur,2022
U3159828428096582777,25-29 ans,Non renseigné,FALSE,Pays de la Loire,2023
U-4840239384579275041,35-39 ans,Non renseigné,FALSE,Hauts-de-France,2023
U4361765522096220151,40-44 ans,Non renseigné,FALSE,Île-de-France,2024
U-1648152246962646250,50-54 ans,Non renseigné,FALSE,Île-de-France,2025
U3933131040547719045,40-44 ans,M,TRUE,Grand Est,2022
U-1775060161223058268,30-34 ans,Non renseigné,FALSE,Provence-Alpes-Côte d'Azur,2022
U4736038541600033741,40-44 ans,M,TRUE,Nouvelle-Aquitaine,2022
U-5202860724745897082,50-54 ans,Non renseigné,FALSE,Île-de-France,2022
U-7686060975474153111,25-29 ans,F,TRUE,Île-de-France,2024
U-9098158895305296226,35-39 ans,M,TRUE,Hauts-de-France,2025
U5764287839821601313,30-34 ans,M,TRUE,Île-de-France,2025
U-5902566956119948125,30-34 ans,M,TRUE,Île-de-France,2022
U-997860332905459180,35-39 ans,F,TRUE,Île-de-France,2023
U-611691467544996973,30-34 ans,F,TRUE,Île-de-France,2023
U-8148675858686227098,30-34 ans,M,TRUE,Hauts-de-France,2025
U7530787623158416589,50-54 ans,Non renseigné,FALSE,Auvergne-Rhône-Alpes,2022
U-7776692094890509770,35-39 ans,M,TRUE,Bourgogne-Franche-Comté,2023
U6279792689777761230,35-39 ans,M,TRUE,Centre-Val de Loire,2024
U-3549216060854717815,40-44 ans,Non renseigné,FALSE,Occitanie,2022
U-8089075666855458463,30-34 ans,M,TRUE,Île-de-France,2024
U-3862862426516019052,35-39 ans,M,TRUE,Île-de-France,2025
U-7701967037214350227,25-29 ans,Non renseigné,FALSE,Pays de la Loire,2022
U996800558554721866,35-39 ans,M,TRUE,Auvergne-Rhône-Alpes,2022
U4634138495171799979,45-49 ans,F,TRUE,Île-de-France,2023
U733480917307090965,30-34 ans,M,TRUE,Hauts-de-France,2022
U7155750550696122904,30-34 ans,M,TRUE,Île-de-France,2022
U-3331343766144795617,25-29 ans,Non renseigné,FALSE,Île-de-France,2022
U-5184183336430893262,25-29 ans,M,TRUE,Île-de-France,2025
U3925265910332042909,45-49 ans,M,TRUE,Hauts-de-France,2022
U5488176182528588363,30-34 ans,Non renseigné,FALSE,Provence-Alpes-Côte d'Azur,2022
U-4198415055046674713,25-29 ans,Non renseigné,FALSE,Île-de-France,2023
U3243042967612261980,30-34 ans,Non renseigné,FALSE,Pays de la Loire,2023
U4624176622296192928,45-49 ans,M,TRUE,Île-de-France,2022
U2939135672904710177,30-34 ans,M,TRUE,Occitanie,2024
U-4799593989823024559,25-29 ans,F,TRUE,Île-de-France,2023
U-4786570665452288742,25-29 ans,Non renseigné,FALSE,Île-de-France,2022
U6223001918615310708,30-34 ans,Non renseigné,FALSE,Île-de-France,2022
U7498954565122220329,50-54 ans,M,TRUE,Grand Est,2025
U-4145678481411680093,30-34 ans,Non renseigné,FALSE,Île-de-France,2022
U2558687495478709883,35-39 ans,Non renseigné,FALSE,Île-de-France,2023
U3198514370480469612,40-44 ans,F,TRUE,Île-de-France,2023
U-2579201481824781196,25-29 ans,M,TRUE,Île-de-France,2025
U8353076596637020041,25-29 ans,M,TRUE,Île-de-France,2023
U5188471852808630900,30-34 ans,M,TRUE,Île-de-France,2024
U-1628921278526487268,30-34 ans,M,TRUE,Provence-Alpes-Côte d'Azur,2022
U-3849072504866822551,30-34 ans,M,TRUE,Provence-Alpes-Côte d'Azur,2025
U179228281597737860,55-59 ans,F,TRUE,Île-de-France,2022
U-5050794275354098415,35-39 ans,M,TRUE,Auvergne-Rhône-Alpes,2022
U6978052375646210013,40-44 ans,Non renseigné,FALSE,Île-de-France,2022
U-943178550418784124,35-39 ans,F,TRUE,Île-de-France,2025
U1442476461596268665,40-44 ans,M,TRUE,Auvergne-Rhône-Alpes,2024
U5909050033583126005,50-54 ans,Non renseigné,FALSE,Bretagne,2023
U6053848213939870505,45-49 ans,Non renseigné,FALSE,Hauts-de-France,2023
U-5719042911465138272,30-34 ans,M,TRUE,Île-de-France,2025
U-1457443219460859262,35-39 ans,M,TRUE,Centre-Val de Loire,2025
U-194490214512207547,35-39 ans,Non renseigné,FALSE,Île-de-France,2022
U-9100220398206656541,35-39 ans,F,TRUE,Île-de-France,2025
U-7391683822069882375,40-44 ans,M,TRUE,Centre-Val de Loire,2024
U6982529840856158258,40-44 ans,Non renseigné,FALSE,Île-de-France,2023
U-7694475963693623263,35-39 ans,M,TRUE,Nouvelle-Aquitaine,2025
U5811043835467820946,35-39 ans,F,TRUE,Hauts-de-France,2022
U-940342799779023520,50-54 ans,M,TRUE,Provence-Alpes-Côte d'Azur,2023
U-7759318419813125111,30-34 ans,M,TRUE,Occitanie,2024
U7608320383196211461,35-39 ans,M,TRUE,Île-de-France,2023
U-5455119065912581133,30-34 ans,M,TRUE,Auvergne-Rhône-Alpes,2025
U2419489202127936725,50-54 ans,M,TRUE,Pays de la Loire,2023
U5250641664221185274,30-34 ans,F,TRUE,Normandie,2023
U-3840814183428161328,35-39 ans,F,TRUE,Île-de-France,2023
U-154348842391767792,25-29 ans,M,TRUE,Île-de-France,2025
U-7116861553389430503,40-44 ans,F,TRUE,Nouvelle-Aquitaine,2023
U3692100345486311850,35-39 ans,M,TRUE,Île-de-France,2024
U-7054482731816175036,40-44 ans,Non renseigné,FALSE,Île-de-France,2022
U6409395407151835600,30-34 ans,Non renseigné,FALSE,Île-de-France,2023
U-6795251107550377005,30-34 ans,M,TRUE,Bourgogne-Franche-Comté,2022
U-8707135156598101825,35-39 ans,Non renseigné,FALSE,Nouvelle-Aquitaine,2022
U-1218574093191025151,45-49 ans,M,TRUE,Bourgogne-Franche-Comté,2023
U7505090862843862147,30-34 ans,M,TRUE,Île-de-France,2025
U-1135102259346312601,20-24 ans,M,TRUE,Auvergne-Rhône-Alpes,2025
U-3525080260048581507,40-44 ans,Non renseigné,FALSE,Île-de-France,2022
U4380993215297327312,40-44 ans,Non renseigné,FALSE,Île-de-France,2022
U-1885748534302906270,25-29 ans,M,TRUE,Centre-Val de Loire,2023
U3347499944026150127,45-49 ans,Non renseigné,FALSE,Île-de-France,2022
U645914717351779425,55-59 ans,Non renseigné,FALSE,Île-de-France,2022
U6334244881830657275,35-39 ans,M,TRUE,Grand Est,2022
U-2579888708441914056,40-44 ans,F,TRUE,Île-de-France,2022
U-3698435185477492016,50-54 ans,F,TRUE,Hauts-de-France,2023
U-7126244163872510025,35-39 ans,M,TRUE,Centre-Val de Loire,2023
U1096703857201612019,30-34 ans,F,TRUE,Île-de-France,2025
U4489155585847714470,25-29 ans,M,TRUE,Grand Est,2022
U7288874838408016599,30-34 ans,M,TRUE,Île-de-France,2022
U-1001876337476369459,40-44 ans,M,TRUE,Île-de-France,2023
U-5685957072916803033,55-59 ans,M,TRUE,Île-de-France,2025
U-1251284820589140855,55-59 ans,M,TRUE,Centre-Val de Loire,2023
U1590214744154263674,35-39 ans,Non renseigné,FALSE,Auvergne-Rhône-Alpes,2023
U-4962316459045682709,40-44 ans,M,TRUE,Auvergne-Rhône-Alpes,2023
U2141883709432172198,30-34 ans,M,TRUE,Auvergne-Rhône-Alpes,2022
U-3763625024194324637,35-39 ans,M,TRUE,Grand Est,2025
U5515177358587108210,30-34 ans,M,TRUE,Pays de la Loire,2023
U7807061371950838203,35-39 ans,Non renseigné,FALSE,Centre-Val de Loire,2022
U-6958457983479060266,35-39 ans,Non renseigné,FALSE,Normandie,2022
U-1879917603353729522,25-29 ans,M,TRUE,Normandie,2022
U1386013248945929265,30-34 ans,Non renseigné,FALSE,Grand Est,2022
U6879284309979866437,45-49 ans,F,TRUE,Occitanie,2025
U3987700477222173237,45-49 ans,Non renseigné,FALSE,Auvergne-Rhône-Alpes,2022
U6362032872796572783,35-39 ans,Non renseigné,FALSE,Auvergne-Rhône-Alpes,2022
U5040953744490474677,20-24 ans,M,TRUE,Auvergne-Rhône-Alpes,2025
U-6250648971543164167,35-39 ans,M,TRUE,Occitanie,2022
U6727301060664934491,20-24 ans,M,TRUE,Centre-Val de Loire,2023
U-601494370331474152,40-44 ans,F,TRUE,Auvergne-Rhône-Alpes,2022
U-1176723797467783532,35-39 ans,M,TRUE,Auvergne-Rhône-Alpes,2024
U3935846177886634859,25-29 ans,M,TRUE,Île-de-France,2023
U2644087310445692258,35-39 ans,Non renseigné,FALSE,Normandie,2025
U-19893275497263089,25-29 ans,M,TRUE,Île-de-France,2022
U8506402651459089329,30-34 ans,F,TRUE,Occitanie,2024
U-7186352571040789684,40-44 ans,F,TRUE,Île-de-France,2024
U-3931225736005305697,45-49 ans,Non renseigné,FALSE,Île-de-France,2023
U4794221293830584105,45-49 ans,M,TRUE,Île-de-France,2024
U-6789863575763199733,45-49 ans,M,TRUE,Pays de la Loire,2023
U4930238657969020779,40-44 ans,M,TRUE,Île-de-France,2024
U-1894354871918866366,20-24 ans,M,TRUE,Provence-Alpes-Côte d'Azur,2025
U-553885264490798235,20-24 ans,M,TRUE,Île-de-France,2025
U2359864766454101380,25-29 ans,F,TRUE,Provence-Alpes-Côte d'Azur,2025
U7821883350071902935,35-39 ans,F,TRUE,Île-de-France,2025
U925738396150760428,30-34 ans,Non renseigné,FALSE,Auvergne-Rhône-Alpes,2023
U5547180154663553882,35-39 ans,F,TRUE,Île-de-France,2022
U7353635067409722253,30-34 ans,Non renseigné,FALSE,Hauts-de-France,2023
U-1675975045076532326,45-49 ans,F,TRUE,Île-de-France,2025
U-8712076700270322081,30-34 ans,Non renseigné,FALSE,Île-de-France,2022
U-5863627178281173388,40-44 ans,F,TRUE,Île-de-France,2022
U270641966013416662,45-49 ans,M,TRUE,Centre-Val de Loire,2023
U-1195504858519627180,25-29 ans,M,TRUE,Île-de-France,2025
U6802961072989582228,40-44 ans,M,TRUE,Île-de-France,2022
U8089061709133388556,30-34 ans,Non renseigné,FALSE,Occitanie,2022
U8880234859538935949,40-44 ans,F,TRUE,DROM,2022
U967501859908224647,50-54 ans,Non renseigné,FALSE,Occitanie,2022
U-2340360240940712235,25-29 ans,M,TRUE,Île-de-France,2022
U-5285664734744507056,20-24 ans,M,TRUE,Nouvelle-Aquitaine,2025
U-3671480367694331703,25-29 ans,F,TRUE,Île-de-France,2024
U7840849345321534749,35-39 ans,F,TRUE,Île-de-France,2025
U-4040354202582788849,25-29 ans,F,TRUE,Île-de-France,2025
U5606424335218490011,35-39 ans,Non renseigné,FALSE,Provence-Alpes-Côte d'Azur,2022
U-7991804981648529098,35-39 ans,F,TRUE,Auvergne-Rhône-Alpes,2023
U-7700348094922136857,55-59 ans,F,TRUE,Pays de la Loire,2025
U-2146419324675482152,35-39 ans,Non renseigné,FALSE,Provence-Alpes-Côte d'Azur,2025
U-6746674049788612204,35-39 ans,F,TRUE,Auvergne-Rhône-Alpes,2023
U-5784287867442956786,30-34 ans,M,TRUE,Île-de-France,2025
U-3779713583959684862,30-34 ans,M,TRUE,Provence-Alpes-Côte d'Azur,2023
U-8108072695332952343,55-59 ans,M,TRUE,Bourgogne-Franche-Comté,2023
U6713021104861758818,25-29 ans,M,TRUE,Nouvelle-Aquitaine,2023
U-3104010176769288912,25-29 ans,M,TRUE,Île-de-France,2024
U5417853787142898627,55-59 ans,Non renseigné,FALSE,Île-de-France,2024
U4340912353594377341,50-54 ans,F,TRUE,Pays de la Loire,2024
U7600770734389083744,25-29 ans,F,TRUE,Île-de-France,2025
U8619246944591974879,30-34 ans,F,TRUE,Île-de-France,2023
U4094055927221375649,30-34 ans,F,TRUE,Île-de-France,2023
U-2507876548418913625,40-44 ans,M,TRUE,Centre-Val de Loire,2022
U1569518258423483011,25-29 ans,F,TRUE,Île-de-France,2024
U2190797933790934445,45-49 ans,M,TRUE,Île-de-France,2025
U69756317799643535,30-34 ans,Non renseigné,FALSE,Bretagne,2022
U8603487024075989917,50-54 ans,M,TRUE,Bretagne,2025
U-4146579789534920271,20-24 ans,F,TRUE,Île-de-France,2025
U3924287827866917146,25-29 ans,Non renseigné,FALSE,Bretagne,2023
U-786596902160461966,45-49 ans,Non renseigné,FALSE,Normandie,2024
U7611263432896594140,25-29 ans,M,TRUE,Nouvelle-Aquitaine,2022
U5020106713321548255,30-34 ans,M,TRUE,Provence-Alpes-Côte d'Azur,2024
U5940326803369324463,25-29 ans,Non renseigné,FALSE,Île-de-France,2022
U7489625834531916698,55-59 ans,M,TRUE,Occitanie,2025
U-5069972082572017750,35-39 ans,M,TRUE,Centre-Val de Loire,2025
U7567482894647418643,45-49 ans,M,TRUE,Hauts-de-France,2025
U-2127607362749670588,40-44 ans,F,TRUE,Île-de-France,2022
U1595258559368659382,30-34 ans,M,TRUE,Île-de-France,2023
U4699791538348067432,30-34 ans,M,TRUE,Grand Est,2023
U-196391768836317982,55-59 ans,M,TRUE,Grand Est,2022
U-3572082847977547976,25-29 ans,M,TRUE,Hauts-de-France,2025
U3729587733258163944,50-54 ans,F,TRUE,Nouvelle-Aquitaine,2022
U4026332459519857502,55-59 ans,Non renseigné,FALSE,Île-de-France,2024
U8884609213465384335,40-44 ans,M,TRUE,Normandie,2023
U7184481976141805533,25-29 ans,F,TRUE,Auvergne-Rhône-Alpes,2024
U-4563407526012337522,30-34 ans,M,TRUE,Provence-Alpes-Côte d'Azur,2022
U5203616661465897469,25-29 ans,Non renseigné,FALSE,Bretagne,2023
U-7078737594414014120,40-44 ans,M,TRUE,Bretagne,2023
U733152024622635436,30-34 ans,Non renseigné,FALSE,Île-de-France,2022
U-9060063752219431504,60 ans ou plus,Non renseigné,FALSE,Île-de-France,2022
U2545128375983488071,40-44 ans,F,TRUE,Occitanie,2024
U8635597580661447998,25-29 ans,M,TRUE,Hauts-de-France,2022
U5558981122034316240,40-44 ans,Non renseigné,FALSE,Provence-Alpes-Côte d'Azur,2022
U6170828303860863875,30-34 ans,M,TRUE,Provence-Alpes-Côte d'Azur,2025
U8645147492364639426,40-44 ans,M,TRUE,Île-de-France,2022
U4679667199114036674,30-34 ans,M,TRUE,Auvergne-Rhône-Alpes,2025
U-1913136704343055432,25-29 ans,Non renseigné,FALSE,Bretagne,2022
U-1919181254921279469,30-34 ans,M,TRUE,Île-de-France,2024
U5280896201776621028,30-34 ans,M,TRUE,Auvergne-Rhône-Alpes,2024
U-4209975830749268350,20-24 ans,M,TRUE,Auvergne-Rhône-Alpes,2025
U-1263357203663666582,40-44 ans,F,TRUE,Île-de-France,2022
U4590542104675059589,35-39 ans,F,TRUE,Île-de-France,2025
U-9058224218915432185,25-29 ans,M,TRUE,Île-de-France,2023
U2570398868790148218,35-39 ans,Non renseigné,FALSE,Île-de-France,2022
U-6127718079244566233,35-39 ans,F,TRUE,Normandie,2023
U-185398392247450533,25-29 ans,Non renseigné,FALSE,Provence-Alpes-Côte d'Azur,2022
U-5120854148238383293,35-39 ans,M,TRUE,Île-de-France,2024
U4802686548016749906,20-24 ans,M,TRUE,Hauts-de-France,2024
U-2009268963500666160,30-34 ans,Non renseigné,FALSE,Île-de-France,2022
U-4570610459620957118,45-49 ans,M,TRUE,Île-de-France,2022
U-2572217992704115725,45-49 ans,M,TRUE,Occitanie,2022
U2759302122116374254,45-49 ans,M,TRUE,Auvergne-Rhône-Alpes,2024
U-475437823557289330,30-34 ans,F,TRUE,Auvergne-Rhône-Alpes,2022
U-5057442496197186814,25-29 ans,F,TRUE,Auvergne-Rhône-Alpes,2024
U-1556033406573912932,25-29 ans,Non renseigné,FALSE,Normandie,2022
U-9196511433602282440,25-29 ans,F,TRUE,Hauts-de-France,2023
U2713350748803284055,30-34 ans,Non renseigné,FALSE,Provence-Alpes-Côte d'Azur,2022
U-8639586777940755614,30-34 ans,M,TRUE,Normandie,2025
U9093595658780214215,60 ans ou plus,M,TRUE,Île-de-France,2022
U-7203228573131675217,40-44 ans,Non renseigné,FALSE,Auvergne-Rhône-Alpes,2023
U-8592234804862608278,40-44 ans,M,TRUE,Île-de-France,2024
U7884674157535743583,25-29 ans,M,TRUE,Île-de-France,2025
U-364320164457956076,40-44 ans,F,TRUE,Grand Est,2025
U204886373250655416,35-39 ans,Non renseigné,FALSE,Île-de-France,2022
U4358880712426063145,30-34 ans,Non renseigné,FALSE,Île-de-France,2023
U-8712205456825058702,30-34 ans,M,TRUE,Hauts-de-France,2025
U2285666684570520056,35-39 ans,F,TRUE,Île-de-France,2023
U6838627236481796368,30-34 ans,M,TRUE,Île-de-France,2023
U-6453824225033666467,30-34 ans,F,TRUE,Île-de-France,2023
U-7713927373076580871,30-34 ans,F,TRUE,Centre-Val de Loire,2022
U272515560272116350,35-39 ans,M,TRUE,Grand Est,2022
U4274389564446220097,35-39 ans,F,TRUE,Île-de-France,2025
U3826691716609617528,40-44 ans,M,TRUE,Hauts-de-France,2025
U-3898456559804429466,35-39 ans,M,TRUE,Île-de-France,2025
U-8913054551496962214,30-34 ans,Non renseigné,FALSE,Île-de-France,2022
U-6201180183655336824,55-59 ans,F,TRUE,Normandie,2025
U-8053776619543803760,40-44 ans,F,TRUE,Île-de-France,2025
U-8848591266618237708,55-59 ans,M,TRUE,Île-de-France,2024
U-2615873638343231549,30-34 ans,M,TRUE,Provence-Alpes-Côte d'Azur,2022
U-5598094145501901258,20-24 ans,F,TRUE,Auvergne-Rhône-Alpes,2025
U5669682574055959382,35-39 ans,M,TRUE,Île-de-France,2025
U1447752493824902461,40-44 ans,M,TRUE,Île-de-France,2022
U2870773968902908173,50-54 ans,M,TRUE,Hauts-de-France,2022
U5480380743682670528,25-29 ans,F,TRUE,Île-de-France,2024
U2704197883492642674,60 ans ou plus,M,TRUE,Île-de-France,2023
U6056746403501710780,30-34 ans,F,TRUE,Hauts-de-France,2025
U702578218129894169,20-24 ans,M,TRUE,Île-de-France,2024
U-590556621110864091,30-34 ans,F,TRUE,Île-de-France,2023
U-8873400726548691055,25-29 ans,M,TRUE,Normandie,2023
U4692768505188924075,45-49 ans,F,TRUE,Bretagne,2025
U4263253114686086051,35-39 ans,M,TRUE,Nouvelle-Aquitaine,2023
U3797078252915653018,40-44 ans,Non renseigné,FALSE,Auvergne-Rhône-Alpes,2022
U-9107478561401287789,50-54 ans,M,TRUE,Île-de-France,2022
U-8143738777649115776,30-34 ans,F,TRUE,Île-de-France,2023
U4908704144696460559,35-39 ans,Non renseigné,FALSE,Nouvelle-Aquitaine,2022
U1403315158306937032,25-29 ans,Non renseigné,FALSE,Île-de-France,2022
U7278549092643904066,30-34 ans,M,TRUE,Île-de-France,2023
U-101789907589358406,35-39 ans,Non renseigné,FALSE,Île-de-France,2023
U1217521072695281159,35-39 ans,Non renseigné,FALSE,Hauts-de-France,2022
U4001726672615129568,30-34 ans,M,TRUE,Île-de-France,2023
U1478419570542234782,30-34 ans,M,TRUE,Île-de-France,2022
U-4411379272762851278,35-39 ans,F,TRUE,Nouvelle-Aquitaine,2022
U-1033129459496009772,55-59 ans,M,TRUE,Île-de-France,2022
U-5830677333743070364,35-39 ans,M,TRUE,Île-de-France,2023
U-444075632160288671,20-24 ans,M,TRUE,Île-de-France,2023
U4055304250697894437,45-49 ans,M,TRUE,Nouvelle-Aquitaine,2022
U-7835362697011290238,30-34 ans,F,TRUE,Île-de-France,2024
U-4327937846243206736,25-29 ans,Non renseigné,FALSE,Occitanie,2023
U2014334865640248330,25-29 ans,M,TRUE,Île-de-France,2024
U8367504336705799891,35-39 ans,M,TRUE,Île-de-France,2024
U2961028877039101430,45-49 ans,Non renseigné,FALSE,Bretagne,2022
U2425811475083725029,30-34 ans,F,TRUE,Île-de-France,2025
U1075284682828586831,25-29 ans,F,TRUE,Auvergne-Rhône-Alpes,2024
U1771956093090975753,30-34 ans,Non renseigné,FALSE,Bretagne,2023
U-8792767494297366163,40-44 ans,M,TRUE,Île-de-France,2023
U-5415544150349494814,45-49 ans,F,TRUE,Île-de-France,2022
U2502526699347706904,30-34 ans,Non renseigné,FALSE,Nouvelle-Aquitaine,2022
U-865126821376775334,25-29 ans,M,TRUE,Centre-Val de Loire,2025
U-4121946905543932080,25-29 ans,F,TRUE,Île-de-France,2025
U3436871604620091007,30-34 ans,M,TRUE,Île-de-France,2023
U-6710463471889555726,35-39 ans,F,TRUE,Île-de-France,2022
U7844269309550755160,40-44 ans,M,TRUE,Île-de-France,2024
U-7935937480319208476,50-54 ans,Non renseigné,FALSE,Normandie,2023
U4988855562322788883,30-34 ans,M,TRUE,Occitanie,2024
U4683513144925747474,25-29 ans,M,TRUE,Hauts-de-France,2024
U-4680485375422332456,20-24 ans,M,TRUE,Île-de-France,2024
U-5848020405817350433,30-34 ans,F,TRUE,Occitanie,2022
U-1903122634999555752,35-39 ans,M,TRUE,Centre-Val de Loire,2025
U-3617153667142597851,30-34 ans,M,TRUE,Auvergne-Rhône-Alpes,2025
U-4721222838463289850,25-29 ans,Non renseigné,FALSE,Île-de-France,2022
U-3432751956803903047,30-34 ans,F,TRUE,Hauts-de-France,2022
U-3077888789785915845,45-49 ans,M,TRUE,Grand Est,2025
U2334236688524265209,40-44 ans,M,TRUE,Auvergne-Rhône-Alpes,2025
U5040903391076366410,25-29 ans,M,TRUE,Bretagne,2025
U-3944493337629813680,45-49 ans,F,TRUE,Centre-Val de Loire,2025
U-4482351175949788720,30-34 ans,F,TRUE,Hauts-de-France,2022
U-7892833761122949402,30-34 ans,F,TRUE,Île-de-France,2023
U-4771806394994225734,30-34 ans,F,TRUE,Occitanie,2023
U2889241507308909592,20-24 ans,M,TRUE,Centre-Val de Loire,2024
U6154991829758188991,40-44 ans,M,TRUE,Île-de-France,2022
U2223238667427731569,55-59 ans,Non renseigné,FALSE,Île-de-France,2022
U-4523787644893009474,30-34 ans,M,TRUE,Île-de-France,2023
U-4539289560108377121,40-44 ans,M,TRUE,Île-de-France,2024
U-7599991841652574875,40-44 ans,M,TRUE,Auvergne-Rhône-Alpes,2022
U-1750515728258027049,60 ans ou plus,M,TRUE,Île-de-France,2022
U-2900380001394190450,40-44 ans,Non renseigné,FALSE,Île-de-France,2022
U8729885319676067416,30-34 ans,F,TRUE,Auvergne-Rhône-Alpes,2022
U2269118626292170171,35-39 ans,F,TRUE,Île-de-France,2022
U7223136857618745884,35-39 ans,Non renseigné,FALSE,Île-de-France,2023
U-6340305031213679239,30-34 ans,M,TRUE,Île-de-France,2023
U9177836754005176779,20-24 ans,M,TRUE,Île-de-France,2024
U-4270239725861322984,25-29 ans,Non renseigné,FALSE,Île-de-France,2022
U8820364001985257899,25-29 ans,M,TRUE,Île-de-France,2025
U4663097679640030399,45-49 ans,F,TRUE,Île-de-France,2025
U-5255884765386366391,40-44 ans,M,TRUE,Occitanie,2024
U637383974623672106,20-24 ans,Non renseigné,FALSE,Bourgogne-Franche-Comté,2023
U5973581235079635567,50-54 ans,M,TRUE,Normandie,2024
U-120620772003334051,35-39 ans,F,TRUE,Hauts-de-France,2022
U-2459913653530304771,35-39 ans,M,TRUE,Nouvelle-Aquitaine,2025
U2557511669164221557,30-34 ans,F,TRUE,Île-de-France,2025
U5588911336152143477,30-34 ans,M,TRUE,Île-de-France,2024
U83914310896574571,25-29 ans,Non renseigné,FALSE,Île-de-France,2022
U-7600452916651312270,35-39 ans,Non renseigné,FALSE,Provence-Alpes-Côte d'Azur,2022
U-6705995222568599860,40-44 ans,Non renseigné,FALSE,Île-de-France,2022
U-2032353174790255619,35-39 ans,M,TRUE,Grand Est,2024
U-7768963194318419551,35-39 ans,Non renseigné,FALSE,Grand Est,2025
U2220117345461006591,50-54 ans,M,TRUE,Île-de-France,2022
U7242204036579501811,40-44 ans,M,TRUE,Île-de-France,2024
U2741407519630547413,35-39 ans,M,TRUE,Pays de la Loire,2023
U7625628816616857878,40-44 ans,F,TRUE,Auvergne-Rhône-Alpes,2022
U-8263964668874099514,40-44 ans,M,TRUE,Île-de-France,2022
U-1974536248374817259,25-29 ans,Non renseigné,FALSE,Normandie,2022
U386947541060541624,25-29 ans,M,TRUE,Occitanie,2024
U-3020423375696170104,30-34 ans,Non renseigné,FALSE,Île-de-France,2023
U7088034612160042835,40-44 ans,M,TRUE,Provence-Alpes-Côte d'Azur,2022
U-2915964383224991006,25-29 ans,M,TRUE,Auvergne-Rhône-Alpes,2025
U-9156010776145131556,45-49 ans,F,TRUE,Île-de-France,2024
U8972864431487696922,25-29 ans,M,TRUE,Auvergne-Rhône-Alpes,2022
U9017120190909434003,20-24 ans,M,TRUE,Île-de-France,2025
U3595288669361733238,30-34 ans,Non renseigné,FALSE,Île-de-France,2022
U959213478404644449,35-39 ans,M,TRUE,Île-de-France,2024
U12680175798597781,35-39 ans,Non renseigné,FALSE,Hauts-de-France,2023
U-5737173329578323691,55-59 ans,F,TRUE,Auvergne-Rhône-Alpes,2022
U9077027643368849643,35-39 ans,M,TRUE,Île-de-France,2025
U-9179654709181257613,30-34 ans,F,TRUE,Bretagne,2022
U-7193219674629418693,25-29 ans,M,TRUE,Provence-Alpes-Côte d'Azur,2025
U-3924478051161008626,50-54 ans,F,TRUE,Occitanie,2025
U8004925117743070895,35-39 ans,F,TRUE,Île-de-France,2022
U-9062063212260243604,40-44 ans,M,TRUE,Île-de-France,2022
U-245921282885107164,30-34 ans,M,TRUE,Île-de-France,2024
U-4454285874253371567,60 ans ou plus,M,TRUE,Provence-Alpes-Côte d'Azur,2023
U-3042492901388317888,35-39 ans,Non renseigné,FALSE,Île-de-France,2022
U-1249425288350554003,30-34 ans,Non renseigné,FALSE,Bretagne,2023
U8037794931722695759,40-44 ans,F,TRUE,Île-de-France,2022
U7456387424175856947,50-54 ans,F,TRUE,Île-de-France,2025
U1367322458432137139,50-54 ans,F,TRUE,Auvergne-Rhône-Alpes,2025
U-529157644196720852,35-39 ans,M,TRUE,Île-de-France,2023
U-3197447019056148095,50-54 ans,F,TRUE,Nouvelle-Aquitaine,2024
U1394556067568496694,55-59 ans,M,TRUE,Île-de-France,2022
U-5804958473572552060,35-39 ans,M,TRUE,Île-de-France,2025
U4528361970907926487,30-34 ans,M,TRUE,Occitanie,2022
U4314452086701405144,40-44 ans,F,TRUE,Auvergne-Rhône-Alpes,2023
U3635615436363467374,25-29 ans,F,TRUE,Île-de-France,2022
U-8523649414706279283,25-29 ans,Non renseigné,FALSE,Île-de-France,2022
U161567534845869458,25-29 ans,F,TRUE,Grand Est,2023
U2404019507905051676,30-34 ans,M,TRUE,Auvergne-Rhône-Alpes,2025
U-5075965364846346301,40-44 ans,M,TRUE,Hauts-de-France,2024
U2630566518857967194,30-34 ans,Non renseigné,FALSE,Île-de-France,2024
U-2262233825014144593,30-34 ans,Non renseigné,FALSE,Pays de la Loire,2022
U-1038623501391385032,30-34 ans,M,TRUE,Île-de-France,2025
U8985763843922563596,40-44 ans,M,TRUE,Île-de-France,2024
U-534867745733156116,30-34 ans,M,TRUE,Île-de-France,2023
U936833700744247267,25-29 ans,Non renseigné,FALSE,Pays de la Loire,2024
U-8555840316299994883,45-49 ans,F,TRUE,Pays de la Loire,2022
U-1840478537786353397,50-54 ans,M,TRUE,Nouvelle-Aquitaine,2024
U945462009644386965,30-34 ans,M,TRUE,Nouvelle-Aquitaine,2022
U-7822137355690971408,50-54 ans,M,TRUE,Centre-Val de Loire,2023
U7769280370422625652,55-59 ans,F,TRUE,Île-de-France,2022
U754444261976220386,40-44 ans,M,TRUE,Île-de-France,2025
U5297749035297767482,25-29 ans,M,TRUE,Île-de-France,2023
U-5745289630715396554,25-29 ans,Non renseigné,FALSE,Île-de-France,2022
U8604261295333413832,25-29 ans,Non renseigné,FALSE,Hauts-de-France,2022
U1519858115976553800,25-29 ans,Non renseigné,FALSE,Auvergne-Rhône-Alpes,2023
U4674569341127031845,35-39 ans,M,TRUE,Île-de-France,2024
U8363987176353540147,35-39 ans,M,TRUE,Île-de-France,2023
U3655718540620662799,35-39 ans,M,TRUE,Auvergne-Rhône-Alpes,2024
U1016817763884507953,50-54 ans,M,TRUE,Île-de-France,2024
U-6742544998311641998,20-24 ans,F,TRUE,Île-de-France,2022
U2626911550387753419,30-34 ans,M,TRUE,Île-de-France,2024
U3357978274823813077,45-49 ans,F,TRUE,Île-de-France,2025
U6870271149444330401,30-34 ans,Non renseigné,FALSE,Île-de-France,2022
U4748855835760724857,40-44 ans,M,TRUE,Hauts-de-France,2022
U-8989994532155647243,25-29 ans,M,TRUE,Grand Est,2025
U8280101471815518874,25-29 ans,Non renseigné,FALSE,Provence-Alpes-Côte d'Azur,2022
U-2571798207641554374,25-29 ans,M,TRUE,Bretagne,2023
U6034487587319627693,35-39 ans,M,TRUE,Île-de-France,2022
U6375339383842400538,45-49 ans,M,TRUE,Auvergne-Rhône-Alpes,2024
U-7606609718938387909,50-54 ans,Non renseigné,FALSE,Nouvelle-Aquitaine,2022
U-9142350863660324997,40-44 ans,Non renseigné,FALSE,Normandie,2022
U-4118594960489826703,35-39 ans,F,TRUE,Pays de la Loire,2025
U5397677381242180609,35-39 ans,Non renseigné,FALSE,Île-de-France,2022
U2720562492391503505,40-44 ans,Non renseigné,FALSE,Auvergne-Rhône-Alpes,2022
U4212311512870837440,40-44 ans,M,TRUE,Provence-Alpes-Côte d'Azur,2022
U8976034211547957805,30-34 ans,M,TRUE,Provence-Alpes-Côte d'Azur,2024
U2850926798161769620,30-34 ans,M,TRUE,Île-de-France,2023
U137694827792974718,50-54 ans,M,TRUE,Grand Est,2024
U226317926091645833,30-34 ans,F,TRUE,Hauts-de-France,2023
U-5263067381402345779,35-39 ans,Non renseigné,FALSE,Île-de-France,2022
U-8453438646370752223,25-29 ans,Non renseigné,FALSE,Île-de-France,2022
U5797649935869354748,40-44 ans,F,TRUE,Nouvelle-Aquitaine,2025
U-9158191428515673192,30-34 ans,F,TRUE,Bretagne,2025
U450163719363616371,30-34 ans,F,TRUE,Normandie,2024
U8679930080004119510,45-49 ans,Non renseigné,FALSE,Île-de-France,2022
U-2911387162724956020,30-34 ans,Non renseigné,FALSE,Grand Est,2022
U-2836852420199679068,45-49 ans,F,TRUE,Île-de-France,2022
U5571184005515218731,30-34 ans,Non renseigné,FALSE,Pays de la Loire,2023
U8322397955603850258,35-39 ans,F,TRUE,Île-de-France,2023
U3490313422235589068,30-34 ans,Non renseigné,FALSE,Île-de-France,2023
U8137114967508495956,25-29 ans,Non renseigné,FALSE,Île-de-France,2022
U4197551814284663621,40-44 ans,M,TRUE,Île-de-France,2023
U-414461630500884019,35-39 ans,M,TRUE,Nouvelle-Aquitaine,2025
U-1956132102010667179,40-44 ans,M,TRUE,Auvergne-Rhône-Alpes,2025
U5941528671837317653,30-34 ans,Non renseigné,FALSE,Nouvelle-Aquitaine,2023
U-8575228808643990106,55-59 ans,F,TRUE,Île-de-France,2022
U-4844218552139680094,25-29 ans,M,TRUE,Île-de-France,2023
U-866849389588546511,30-34 ans,F,TRUE,Île-de-France,2025
U-5354567960182846597,25-29 ans,M,TRUE,Île-de-France,2022
U-506680390726554013,40-44 ans,M,TRUE,Auvergne-Rhône-Alpes,2025
U6534041324285313090,30-34 ans,M,TRUE,Île-de-France,2024
U-3862303394335130990,35-39 ans,M,TRUE,Provence-Alpes-Côte d'Azur,2024
U2722926500021676045,25-29 ans,Non renseigné,FALSE,Auvergne-Rhône-Alpes,2023
U-9154060749004698463,35-39 ans,M,TRUE,Occitanie,2024
U-4689612325925629388,50-54 ans,F,TRUE,Île-de-France,2025
U552922164062969141,25-29 ans,F,TRUE,Bretagne,2024
U-837869999771407626,40-44 ans,M,TRUE,Île-de-France,2022
U1662818647382483952,30-34 ans,M,TRUE,Grand Est,2024
U908500943863443518,25-29 ans,F,TRUE,Île-de-France,2023
U4960071890976024250,30-34 ans,M,TRUE,Pays de la Loire,2024
U-4154011311909866213,35-39 ans,M,TRUE,Hauts-de-France,2024
U5891468858539017072,40-44 ans,M,TRUE,Provence-Alpes-Côte d'Azur,2025
U4522535049182749969,40-44 ans,M,TRUE,Île-de-France,2023
U-326245750495662061,40-44 ans,M,TRUE,Île-de-France,2022
U4096849993311319278,35-39 ans,M,TRUE,Auvergne-Rhône-Alpes,2022
U1007337188215940991,40-44 ans,M,TRUE,Île-de-France,2022
U-1238663364729131156,25-29 ans,F,TRUE,Île-de-France,2025
U-8685129035711286739,20-24 ans,M,TRUE,Hauts-de-France,2024
U-4934911979582602323,45-49 ans,F,TRUE,Normandie,2024
U4035207313634149057,40-44 ans,F,TRUE,Île-de-France,2023
U1808879768690679093,55-59 ans,M,TRUE,Île-de-France,2023
U6595927304551286079,20-24 ans,M,TRUE,Occitanie,2025
U-5923829377191551351,25-29 ans,M,TRUE,Grand Est,2023
U-7859374300759299029,45-49 ans,M,TRUE,Grand Est,2024
U-554277309782049638,30-34 ans,Non renseigné,FALSE,Hauts-de-France,2023
U772502932085055531,50-54 ans,M,TRUE,Île-de-France,2025
U8716047457310252953,35-39 ans,F,TRUE,Île-de-France,2023
U617700246644439284,35-39 ans,Non renseigné,FALSE,Île-de-France,2023
U5584042454101145721,35-39 ans,Non renseigné,FALSE,Île-de-France,2025
U-9105705926520035033,30-34 ans,M,TRUE,Île-de-France,2022
U5029480661083413850,30-34 ans,F,TRUE,Nouvelle-Aquitaine,2024
U8931767758096314702,45-49 ans,Non renseigné,FALSE,Île-de-France,2022
U379840048171222128,25-29 ans,F,TRUE,Île-de-France,2024
U8637335817158356565,30-34 ans,Non renseigné,FALSE,Île-de-France,2022
U-1735683008822617023,35-39 ans,M,TRUE,Centre-Val de Loire,2024
U1726476781297148791,50-54 ans,M,TRUE,Île-de-France,2023
U-6499998433992120062,40-44 ans,Non renseigné,FALSE,Île-de-France,2023
U-416599143959356211,25-29 ans,M,TRUE,Nouvelle-Aquitaine,2022
U6197367700309086487,35-39 ans,M,TRUE,Normandie,2022
U2163131296241432599,35-39 ans,M,TRUE,Île-de-France,2022
U6274764013768701656,30-34 ans,M,TRUE,Grand Est,2025
U5084643854662669054,30-34 ans,M,TRUE,Île-de-France,2025
U-1445163801965163990,30-34 ans,M,TRUE,Auvergne-Rhône-Alpes,2022
U6532985168853490514,30-34 ans,Non renseigné,FALSE,Île-de-France,2023
U7896815563777601046,35-39 ans,M,TRUE,Île-de-France,2022
U-5320159480838073104,35-39 ans,M,TRUE,Île-de-France,2025
U-9122715023028738105,30-34 ans,M,TRUE,Provence-Alpes-Côte d'Azur,2023
U364567843830394953,30-34 ans,M,TRUE,Nouvelle-Aquitaine,2022
U71229438666642978,35-39 ans,M,TRUE,DROM,2023
U-2005109094369597904,30-34 ans,Non renseigné,FALSE,Île-de-France,2022
U-8219812503262958464,45-49 ans,M,TRUE,Île-de-France,2024
U6471065384628125437,45-49 ans,Non renseigné,FALSE,Grand Est,2023
U-5928131183741148010,40-44 ans,M,TRUE,Île-de-France,2023
U-537251960956386412,25-29 ans,M,TRUE,Auvergne-Rhône-Alpes,2024
U4330893044773286174,40-44 ans,F,TRUE,Pays de la Loire,2022
U-8185196742085121847,25-29 ans,F,TRUE,Île-de-France,2024
U8968484896608298946,30-34 ans,F,TRUE,Hauts-de-France,2024
U4210899518055453773,30-34 ans,M,TRUE,Île-de-France,2022
U2283806321044833464,30-34 ans,F,TRUE,Auvergne-Rhône-Alpes,2022
U5036237694523400316,40-44 ans,F,TRUE,Île-de-France,2022
U7759356805164568479,35-39 ans,F,TRUE,Île-de-France,2022
U1270036185850901608,30-34 ans,M,TRUE,Hauts-de-France,2024
U6635144045394508749,35-39 ans,M,TRUE,Île-de-France,2022
U-479198966416380372,25-29 ans,Non renseigné,FALSE,Grand Est,2023
U1686702834706205640,35-39 ans,M,TRUE,Hauts-de-France,2025
U-2157416059705059507,30-34 ans,M,TRUE,Île-de-France,2023
U-4660149622643937214,25-29 ans,F,TRUE,Hauts-de-France,2025
U-186057540733481192,40-44 ans,Non renseigné,FALSE,Hauts-de-France,2023
U8570271111035483161,40-44 ans,M,TRUE,Île-de-France,2023
U-9083645256758965250,35-39 ans,F,TRUE,Île-de-France,2025
U5339876358893585837,30-34 ans,M,TRUE,Île-de-France,2022
U5773155921100671079,25-29 ans,M,TRUE,Auvergne-Rhône-Alpes,2025
U-2653482697673321441,35-39 ans,Non renseigné,FALSE,Grand Est,2022
U-6009769595878106542,35-39 ans,Non renseigné,FALSE,Île-de-France,2024
U-694654296250307584,25-29 ans,M,TRUE,Auvergne-Rhône-Alpes,2025
U2873825306106901572,30-34 ans,F,TRUE,Île-de-France,2022
U-3207357182803949666,25-29 ans,F,TRUE,Provence-Alpes-Côte d'Azur,2024
U-8239283834651490040,30-34 ans,Non renseigné,FALSE,Hauts-de-France,2022
U3616269291870973542,40-44 ans,F,TRUE,Île-de-France,2022
U7989465579937640047,30-34 ans,Non renseigné,FALSE,Bourgogne-Franche-Comté,2023
U1564599640452014600,25-29 ans,Non renseigné,FALSE,Provence-Alpes-Côte d'Azur,2022
U-8825521125349399863,50-54 ans,Non renseigné,FALSE,Île-de-France,2022
U-3256600113410909919,35-39 ans,M,TRUE,Bretagne,2022
U-2870620013123030100,25-29 ans,Non renseigné,FALSE,Île-de-France,2023
U-4629154594128840127,30-34 ans,Non renseigné,FALSE,Île-de-France,2024
U4546279077558954789,45-49 ans,Non renseigné,FALSE,Île-de-France,2025
U-260385803995738770,25-29 ans,M,TRUE,Provence-Alpes-Côte d'Azur,2025
U-7542724903823998785,45-49 ans,M,TRUE,Occitanie,2022
U7627317182095265521,25-29 ans,Non renseigné,FALSE,Nouvelle-Aquitaine,2022
U3974249369212660016,35-39 ans,Non renseigné,FALSE,Île-de-France,2022
U155505432917858041,55-59 ans,Non renseigné,FALSE,Île-de-France,2023
U-208367357946772062,50-54 ans,Non renseigné,FALSE,Île-de-France,2022
U-981438357696065138,45-49 ans,M,TRUE,Pays de la Loire,2025
U-8731215848735041542,45-49 ans,F,TRUE,Provence-Alpes-Côte d'Azur,2025
U-2275678426457645488,30-34 ans,M,TRUE,Île-de-France,2025
U8311704274728486731,25-29 ans,M,TRUE,Île-de-France,2023
U3658006154566719769,35-39 ans,Non renseigné,FALSE,Grand Est,2022
U-8142186069104855358,35-39 ans,M,TRUE,Île-de-France,2022
U5173418320434578541,40-44 ans,Non renseigné,FALSE,Auvergne-Rhône-Alpes,2023
U1916533054119277837,40-44 ans,M,TRUE,Bretagne,2024
U5693646232908516221,30-34 ans,M,TRUE,Provence-Alpes-Côte d'Azur,2023
U693778686916177518,25-29 ans,F,TRUE,Île-de-France,2023
U-8516644502784275670,45-49 ans,M,TRUE,Île-de-France,2025
U5458973755529266420,30-34 ans,Non renseigné,FALSE,Île-de-France,2022
U5619463181081775758,60 ans ou plus,M,TRUE,Hauts-de-France,2023
U-635142461806917258,50-54 ans,M,TRUE,Pays de la Loire,2025
U8324372167761018871,35-39 ans,Non renseigné,FALSE,Île-de-France,2022
U7170986322918902289,35-39 ans,F,TRUE,Hauts-de-France,2022
U-2955696574712424701,25-29 ans,M,TRUE,Bourgogne-Franche-Comté,2025
U3213322835415933046,45-49 ans,M,TRUE,Île-de-France,2023
U-7095022206543393938,35-39 ans,Non renseigné,FALSE,Hauts-de-France,2023
U6907254805957978320,35-39 ans,F,TRUE,Occitanie,2025
U5411444207060401825,30-34 ans,M,TRUE,Occitanie,2024
U-6826102335068581299,35-39 ans,M,TRUE,Occitanie,2022
U-8100292848980457541,30-34 ans,M,TRUE,Île-de-France,2024
U4983981771259234404,35-39 ans,F,TRUE,Île-de-France,2022
U7176501654760813331,25-29 ans,Non renseigné,FALSE,Nouvelle-Aquitaine,2023
U-2355528756890287741,35-39 ans,M,TRUE,Provence-Alpes-Côte d'Azur,2024
U3081850667988664218,40-44 ans,F,TRUE,Nouvelle-Aquitaine,2023
U5325564311927367400,40-44 ans,F,TRUE,Nouvelle-Aquitaine,2023
U7383627221056398344,40-44 ans,M,TRUE,Auvergne-Rhône-Alpes,2022
U-8594509556658927702,50-54 ans,Non renseigné,FALSE,Hauts-de-France,2022
U-1868302246721407150,50-54 ans,Non renseigné,FALSE,Hauts-de-France,2023
U8922826540586919729,20-24 ans,M,TRUE,Île-de-France,2025
U-6020493253857138224,25-29 ans,M,TRUE,Île-de-France,2022
U932892096025216924,30-34 ans,M,TRUE,Île-de-France,2022
U-4442684449837779868,30-34 ans,F,TRUE,DROM,2025
U3758620009608934808,40-44 ans,M,TRUE,Grand Est,2022
U-8190947983106790776,45-49 ans,M,TRUE,Normandie,2023
U6739772894045226434,35-39 ans,M,TRUE,Grand Est,2022
U-5459020108422386969,45-49 ans,M,TRUE,Île-de-France,2024
U-7079747916248982549,35-39 ans,Non renseigné,FALSE,Pays de la Loire,2022
U-6084090652890829109,30-34 ans,M,TRUE,Occitanie,2024
U4853459537164085267,40-44 ans,F,TRUE,Provence-Alpes-Côte d'Azur,2023
U-589514679994482645,35-39 ans,F,TRUE,Île-de-France,2025
U5359093883391526564,25-29 ans,Non renseigné,FALSE,Grand Est,2023
U8986582443455037852,50-54 ans,Non renseigné,FALSE,Île-de-France,2022
U-1082365393730235277,25-29 ans,F,TRUE,Provence-Alpes-Côte d'Azur,2023
U-5907195426293447473,30-34 ans,Non renseigné,FALSE,Île-de-France,2023
U5848168875634378370,50-54 ans,F,TRUE,Île-de-France,2022
U-7302592582802084412,30-34 ans,F,TRUE,Île-de-France,2024
U-419269490357744609,35-39 ans,Non renseigné,FALSE,Normandie,2024
U-1567502966008378605,40-44 ans,M,TRUE,Nouvelle-Aquitaine,2022
U2790815919508917802,40-44 ans,M,TRUE,Occitanie,2024
U-720976300544381019,35-39 ans,Non renseigné,FALSE,Nouvelle-Aquitaine,2024
U745116619515202244,25-29 ans,F,TRUE,Grand Est,2023
U-1324759886763477135,45-49 ans,F,TRUE,Centre-Val de Loire,2025
U-4343157101570481654,40-44 ans,F,TRUE,Occitanie,2024
U3137087851490254370,30-34 ans,M,TRUE,Île-de-France,2025
U-4041470959028907367,40-44 ans,Non renseigné,FALSE,Bretagne,2023
U5694880950642136948,35-39 ans,M,TRUE,Centre-Val de Loire,2025
U5877477716454353252,40-44 ans,M,TRUE,Île-de-France,2023
U7895893629973646406,35-39 ans,M,TRUE,Nouvelle-Aquitaine,2024
U4977859731919164966,40-44 ans,M,TRUE,Nouvelle-Aquitaine,2022
U3978693686160017702,30-34 ans,M,TRUE,Île-de-France,2022
U-4104325228341079065,35-39 ans,M,TRUE,Île-de-France,2024
U708366291931979466,40-44 ans,M,TRUE,Île-de-France,2025
U582684073098352797,40-44 ans,M,TRUE,Île-de-France,2024
U1253417426423788651,35-39 ans,M,TRUE,Centre-Val de Loire,2022
U-3864976253575933838,30-34 ans,M,TRUE,Auvergne-Rhône-Alpes,2022
U2193200301297360119,30-34 ans,Non renseigné,FALSE,Île-de-France,2023
U-2669008113281172485,35-39 ans,M,TRUE,Île-de-France,2022
U5013681923923145458,30-34 ans,M,TRUE,Nouvelle-Aquitaine,2024
U5926659068191879657,35-39 ans,F,TRUE,Île-de-France,2022
U1636939913808063817,25-29 ans,F,TRUE,Île-de-France,2025
U-6587996222148207269,25-29 ans,Non renseigné,FALSE,Île-de-France,2023
U-3589116618467198585,30-34 ans,Non renseigné,FALSE,Bretagne,2022
U2758411878256258576,25-29 ans,M,TRUE,Île-de-France,2024
U1586364049757110049,35-39 ans,M,TRUE,Île-de-France,2025
U3514654734317071402,30-34 ans,M,TRUE,Île-de-France,2025
U3173280903249741753,35-39 ans,F,TRUE,Île-de-France,2022
U959647563923838067,30-34 ans,M,TRUE,DROM,2025
U7633322555988940883,40-44 ans,M,TRUE,Auvergne-Rhône-Alpes,2024
U1821355861593540947,20-24 ans,M,TRUE,Île-de-France,2025
U-6384406213185632344,30-34 ans,M,TRUE,Nouvelle-Aquitaine,2025
U2043174599794498983,30-34 ans,Non renseigné,FALSE,Centre-Val de Loire,2023
U6805239516894876006,45-49 ans,M,TRUE,Auvergne-Rhône-Alpes,2022
U-3987913334683657344,30-34 ans,M,TRUE,Hauts-de-France,2025
U3951587689770082603,45-49 ans,Non renseigné,FALSE,Nouvelle-Aquitaine,2022
U4560246013540522932,50-54 ans,M,TRUE,Île-de-France,2022
U868207702094759792,40-44 ans,F,TRUE,Île-de-France,2024
U-3045019636354846783,30-34 ans,M,TRUE,Île-de-France,2023
U-8637057659425710980,25-29 ans,Non renseigné,FALSE,Île-de-France,2022
U7555484992839170936,30-34 ans,M,TRUE,Normandie,2022
U-5457764968169022255,50-54 ans,Non renseigné,FALSE,Auvergne-Rhône-Alpes,2022
U-5738712646102493622,30-34 ans,F,TRUE,Auvergne-Rhône-Alpes,2022
U-7028767820961278791,30-34 ans,Non renseigné,FALSE,Île-de-France,2023
U-2745281296167934280,25-29 ans,Non renseigné,FALSE,Île-de-France,2022
U846006656919635067,30-34 ans,Non renseigné,FALSE,Île-de-France,2022
U2387871240428277269,30-34 ans,Non renseigné,FALSE,Île-de-France,2022
U-2322065291228683743,30-34 ans,M,TRUE,Provence-Alpes-Côte d'Azur,2025
U-4162738919583602264,40-44 ans,M,TRUE,Nouvelle-Aquitaine,2022
U-843095259204162126,30-34 ans,M,TRUE,Hauts-de-France,2022
U7465816844780680002,40-44 ans,M,TRUE,Île-de-France,2022
U-2391451536677023279,30-34 ans,Non renseigné,FALSE,Bourgogne-Franche-Comté,2022
U-8485113733694901879,40-44 ans,M,TRUE,Nouvelle-Aquitaine,2023
U-3499111847023680506,30-34 ans,Non renseigné,FALSE,Centre-Val de Loire,2022
U717766421963815174,30-34 ans,M,TRUE,Grand Est,2022
U1689579830500265676,30-34 ans,M,TRUE,Hauts-de-France,2024
U-5402538442076337680,30-34 ans,M,TRUE,Île-de-France,2024
U1149234085756140566,20-24 ans,F,TRUE,Occitanie,2025
U977179875387744100,30-34 ans,F,TRUE,Provence-Alpes-Côte d'Azur,2025
U6876099693598865656,35-39 ans,Non renseigné,FALSE,Île-de-France,2022
U-6359777884917275242,30-34 ans,F,TRUE,Île-de-France,2023
U-6896718656622063159,25-29 ans,M,TRUE,Occitanie,2022
U8507822919451939332,35-39 ans,F,TRUE,Grand Est,2022
U445617467628978516,35-39 ans,Non renseigné,FALSE,Île-de-France,2022
U-8495026056227524789,35-39 ans,Non renseigné,FALSE,Île-de-France,2022
U2815479068905674623,55-59 ans,F,TRUE,Hauts-de-France,2025
U8748048171689029344,40-44 ans,F,TRUE,Occitanie,2024
U-5207433860447549325,30-34 ans,Non renseigné,FALSE,Île-de-France,2022
U6257331998919658345,25-29 ans,M,TRUE,Occitanie,2025
U-1919327857523378709,40-44 ans,F,TRUE,Île-de-France,2023
U-3877440218943222957,35-39 ans,Non renseigné,FALSE,Île-de-France,2022
U6118413248002601093,50-54 ans,M,TRUE,Île-de-France,2023
U-3341012793252324618,25-29 ans,Non renseigné,FALSE,Île-de-France,2023
U-8223371854767307396,30-34 ans,F,TRUE,Île-de-France,2022
U4646499085658145234,25-29 ans,F,TRUE,Auvergne-Rhône-Alpes,2024
U-2549007990643103252,35-39 ans,Non renseigné,FALSE,Auvergne-Rhône-Alpes,2022
U-7814622029131644513,30-34 ans,Non renseigné,FALSE,Île-de-France,2023
U-5930895986245017303,25-29 ans,M,TRUE,Auvergne-Rhône-Alpes,2024
U5028744180600162242,45-49 ans,Non renseigné,FALSE,Auvergne-Rhône-Alpes,2022
U6934035394599670657,45-49 ans,Non renseigné,FALSE,Provence-Alpes-Côte d'Azur,2025
U4668275781660939805,30-34 ans,M,TRUE,Île-de-France,2025
U-1110966018833005526,25-29 ans,M,TRUE,Bourgogne-Franche-Comté,2022
U7844133890457919858,45-49 ans,M,TRUE,Hauts-de-France,2024
U7156668720546296972,40-44 ans,M,TRUE,Île-de-France,2022
U8949887422402104200,45-49 ans,F,TRUE,Pays de la Loire,2025
U8286562326334287924,30-34 ans,F,TRUE,Île-de-France,2025
U-5817418642739788299,20-24 ans,F,TRUE,Île-de-France,2023
U-1670043072071887944,30-34 ans,F,TRUE,Île-de-France,2023
U5054324221534000979,30-34 ans,M,TRUE,Normandie,2022
U4757572567020520075,25-29 ans,M,TRUE,Occitanie,2025
U-6489407535661693895,20-24 ans,M,TRUE,Grand Est,2024
U-5853766496728154456,30-34 ans,F,TRUE,Occitanie,2025
U-6216429431648310282,45-49 ans,M,TRUE,Centre-Val de Loire,2024
U-2134718519505535841,35-39 ans,Non renseigné,FALSE,Île-de-France,2022
U1437974371435008677,50-54 ans,M,TRUE,Île-de-France,2025
U-3326947635847795920,35-39 ans,M,TRUE,Grand Est,2024
U-6260743134606976417,55-59 ans,Non renseigné,FALSE,Hauts-de-France,2022
U-2027249657827868659,45-49 ans,M,TRUE,Île-de-France,2022
U2734975398038948900,60 ans ou plus,M,TRUE,Auvergne-Rhône-Alpes,2024
U-5588853888812669144,30-34 ans,M,TRUE,Auvergne-Rhône-Alpes,2022
U-2606849117618042069,30-34 ans,M,TRUE,Île-de-France,2022
U-917425933991580600,40-44 ans,M,TRUE,Auvergne-Rhône-Alpes,2025
U602393348583785130,30-34 ans,F,TRUE,Île-de-France,2022
U-4161048158120777882,30-34 ans,M,TRUE,Pays de la Loire,2022
U8767432363675693085,35-39 ans,M,TRUE,Île-de-France,2025
U6727855150954901376,25-29 ans,Non renseigné,FALSE,Auvergne-Rhône-Alpes,2023
U-3031456070747023787,60 ans ou plus,M,TRUE,DROM,2025
U-6412423896657388807,30-34 ans,M,TRUE,Île-de-France,2023
U189508239677132162,30-34 ans,M,TRUE,Grand Est,2024
U5562500343540079642,40-44 ans,F,TRUE,Pays de la Loire,2023
U4324976816673177816,35-39 ans,M,TRUE,Île-de-France,2023
U6337688476850056369,20-24 ans,M,TRUE,Île-de-France,2025
U6781219020898426709,25-29 ans,Non renseigné,FALSE,Île-de-France,2023
U-4119920636287037152,30-34 ans,F,TRUE,Bretagne,2023
U-1860878265321221470,60 ans ou plus,M,TRUE,Occitanie,2022
U2347357642383239883,30-34 ans,F,TRUE,Grand Est,2025
U2517089623338788386,35-39 ans,Non renseigné,FALSE,Centre-Val de Loire,2022
U1092310400012649889,30-34 ans,F,TRUE,Bourgogne-Franche-Comté,2023
U-3412892008983776104,45-49 ans,M,TRUE,Bretagne,2023
U-4380284903941297919,25-29 ans,M,TRUE,Île-de-France,2024
U-1095231623441210341,25-29 ans,M,TRUE,Île-de-France,2023
U4406510574180647678,30-34 ans,F,TRUE,Île-de-France,2022
U-1431059617224599336,45-49 ans,M,TRUE,Île-de-France,2024
U-1218141887833367082,35-39 ans,Non renseigné,FALSE,Île-de-France,2023
U-5266226701529682221,35-39 ans,M,TRUE,Île-de-France,2024
U-8253426192699018002,25-29 ans,M,TRUE,Nouvelle-Aquitaine,2023
U78881344309435222,30-34 ans,F,TRUE,Île-de-France,2025
U-2916914181439109045,25-29 ans,Non renseigné,FALSE,Pays de la Loire,2023
U-7390474389586190889,50-54 ans,Non renseigné,FALSE,Île-de-France,2022
U-930626112043554666,60 ans ou plus,M,TRUE,Auvergne-Rhône-Alpes,2025
U-2619638848909738285,30-34 ans,M,TRUE,Nouvelle-Aquitaine,2023
U-3177990557677948205,25-29 ans,F,TRUE,Auvergne-Rhône-Alpes,2025
U-8218080585286305531,40-44 ans,Non renseigné,FALSE,Île-de-France,2023
U-1215315598462867349,25-29 ans,Non renseigné,FALSE,Provence-Alpes-Côte d'Azur,2022
U-5034956254945986808,30-34 ans,F,TRUE,Île-de-France,2022
U6368926689639060781,35-39 ans,M,TRUE,Grand Est,2024
U7913427581997671353,45-49 ans,Non renseigné,FALSE,Occitanie,2022
U1999084601241350652,55-59 ans,F,TRUE,Occitanie,2022
U-2286575680417348631,30-34 ans,F,TRUE,Île-de-France,2025
U-7579348643828467032,30-34 ans,M,TRUE,Île-de-France,2022
U-140832882842834832,25-29 ans,M,TRUE,Île-de-France,2025
U5457849986562735561,55-59 ans,Non renseigné,FALSE,Île-de-France,2023
U2936966980357275200,50-54 ans,Non renseigné,FALSE,Pays de la Loire,2022
U7731198070332582004,30-34 ans,F,TRUE,Bretagne,2022
U-7804815442460873987,25-29 ans,F,TRUE,Île-de-France,2025
U383058632713860021,45-49 ans,M,TRUE,Île-de-France,2023
U-2900770894725203000,25-29 ans,Non renseigné,FALSE,Île-de-France,2025
U3640945592238391935,25-29 ans,Non renseigné,FALSE,Île-de-France,2023
U1133620033864078974,35-39 ans,M,TRUE,Auvergne-Rhône-Alpes,2025
U-5831764308098842690,30-34 ans,M,TRUE,Hauts-de-France,2022
U7897840070636768079,30-34 ans,M,TRUE,Auvergne-Rhône-Alpes,2025
U-8762015356047793153,30-34 ans,M,TRUE,Île-de-France,2024
U8222477015199134416,30-34 ans,M,TRUE,Hauts-de-France,2023
U-7593480342911860467,30-34 ans,M,TRUE,Île-de-France,2022
U-5886300441191841196,25-29 ans,F,TRUE,Auvergne-Rhône-Alpes,2025
U-2777663624878882283,35-39 ans,M,TRUE,Nouvelle-Aquitaine,2022
U7727399373800778727,60 ans ou plus,M,TRUE,Nouvelle-Aquitaine,2022
U8755775283257479359,45-49 ans,Non renseigné,FALSE,Occitanie,2022
U-7870953153211911295,60 ans ou plus,M,TRUE,Île-de-France,2023
U4003728228746420642,45-49 ans,M,TRUE,Nouvelle-Aquitaine,2023
U-6009623172486441153,45-49 ans,M,TRUE,Hauts-de-France,2023
U4296518923759220872,45-49 ans,M,TRUE,Île-de-France,2023
U-2032604406333236559,30-34 ans,Non renseigné,FALSE,Nouvelle-Aquitaine,2023
U7248618488134035178,35-39 ans,Non renseigné,FALSE,Île-de-France,2023
U9188130365253871393,25-29 ans,M,TRUE,Auvergne-Rhône-Alpes,2025
U-3757450919071555885,55-59 ans,M,TRUE,Grand Est,2024
U-5032065126076896542,50-54 ans,F,TRUE,Auvergne-Rhône-Alpes,2022
U-2263424139097839476,20-24 ans,M,TRUE,Île-de-France,2025
U-2670871340534404592,45-49 ans,M,TRUE,Auvergne-Rhône-Alpes,2022
U8488915791349680613,30-34 ans,F,TRUE,Provence-Alpes-Côte d'Azur,2023
U4345762796276679918,45-49 ans,M,TRUE,Île-de-France,2023
U2901689634650409245,20-24 ans,Non renseigné,FALSE,Grand Est,2025
U-7036991937349091265,35-39 ans,M,TRUE,Hauts-de-France,2022
U6353049976021792342,45-49 ans,M,TRUE,Hauts-de-France,2025
U-8036408855650750308,30-34 ans,Non renseigné,FALSE,Auvergne-Rhône-Alpes,2023
U3420209530742359582,20-24 ans,M,TRUE,Occitanie,2024
U7552070985985783781,25-29 ans,F,TRUE,Île-de-France,2023
U-2185186826744893498,35-39 ans,F,TRUE,Île-de-France,2025
U1683732003235758750,30-34 ans,M,TRUE,Occitanie,2024
U-2745980612070007567,40-44 ans,Non renseigné,FALSE,Île-de-France,2022
U-6020812935056457141,35-39 ans,F,TRUE,Nouvelle-Aquitaine,2025
U-7469420599535119408,35-39 ans,M,TRUE,Centre-Val de Loire,2025
U-518911964002780186,50-54 ans,M,TRUE,Auvergne-Rhône-Alpes,2022
U-6455549295954843692,30-34 ans,F,TRUE,Île-de-France,2025
U-5925383920394546363,25-29 ans,M,TRUE,Auvergne-Rhône-Alpes,2024
U-8366258390795822860,55-59 ans,F,TRUE,Île-de-France,2022
U1200980215282415471,50-54 ans,F,TRUE,Île-de-France,2022
U-385398643064536340,35-39 ans,M,TRUE,Nouvelle-Aquitaine,2022
U7492239019499768010,25-29 ans,M,TRUE,Pays de la Loire,2025
U-658923879586380605,30-34 ans,F,TRUE,Occitanie,2025
U-4604299312221230858,35-39 ans,M,TRUE,Centre-Val de Loire,2022
U-8230585352145942164,30-34 ans,F,TRUE,Bretagne,2024
U-3125982036269999225,25-29 ans,F,TRUE,Île-de-France,2025
U5477627915063718236,30-34 ans,F,TRUE,Occitanie,2024
U-1655672206981781092,50-54 ans,M,TRUE,Île-de-France,2023
U8781157012811453243,25-29 ans,Non renseigné,FALSE,Auvergne-Rhône-Alpes,2023
U2482290721127303738,30-34 ans,M,TRUE,Île-de-France,2022
U2929966853829337537,35-39 ans,F,TRUE,Île-de-France,2023
U7412425663060255000,45-49 ans,M,TRUE,Île-de-France,2025
U-6695866673694697826,30-34 ans,M,TRUE,Île-de-France,2022
U2459107725747034567,30-34 ans,Non renseigné,FALSE,Occitanie,2023
U4638775291030841643,25-29 ans,M,TRUE,Nouvelle-Aquitaine,2025
U7796865997152118976,30-34 ans,M,TRUE,Île-de-France,2022
U23489860393840177,30-34 ans,F,TRUE,Île-de-France,2022
U-7117256984271741146,40-44 ans,M,TRUE,Hauts-de-France,2025
U4309257701449374146,55-59 ans,F,TRUE,Île-de-France,2023
U-2919388123668127829,55-59 ans,Non renseigné,FALSE,Hauts-de-France,2022
U-3676346018753760924,25-29 ans,M,TRUE,Île-de-France,2024
U-7989982652511627983,40-44 ans,Non renseigné,FALSE,Auvergne-Rhône-Alpes,2022
U9090750791911639328,25-29 ans,F,TRUE,Hauts-de-France,2022
U4580042814422256647,35-39 ans,Non renseigné,FALSE,Île-de-France,2023
U-2598263288356386305,30-34 ans,M,TRUE,Hauts-de-France,2023
U-5506727284893562539,50-54 ans,Non renseigné,FALSE,Île-de-France,2023
U-991417546724856513,25-29 ans,F,TRUE,Provence-Alpes-Côte d'Azur,2025
U-7099120463385533564,50-54 ans,Non renseigné,FALSE,Île-de-France,2022
U6062140543196372358,35-39 ans,F,TRUE,Pays de la Loire,2022
U-7226649011464158188,50-54 ans,F,TRUE,Nouvelle-Aquitaine,2025
U4802650188612483529,40-44 ans,Non renseigné,FALSE,Occitanie,2022
U-403175074876939668,45-49 ans,Non renseigné,FALSE,Provence-Alpes-Côte d'Azur,2022
U6732524808188784904,25-29 ans,F,TRUE,Île-de-France,2022
U875616319318440348,50-54 ans,M,TRUE,Île-de-France,2024
U-6766135294285714769,45-49 ans,F,TRUE,Île-de-France,2023
U6237198482258740101,30-34 ans,M,TRUE,Hauts-de-France,2024
U-5610207495539150417,45-49 ans,F,TRUE,Nouvelle-Aquitaine,2022
U-3571490752309006553,35-39 ans,Non renseigné,FALSE,Île-de-France,2023
U-3560626941621581168,20-24 ans,M,TRUE,Bretagne,2025
U6711529031508577285,30-34 ans,F,TRUE,Nouvelle-Aquitaine,2023
U9020669358131102421,35-39 ans,Non renseigné,FALSE,Île-de-France,2022
U8489667174029555281,30-34 ans,F,TRUE,Bretagne,2022
U9208229400783249803,30-34 ans,Non renseigné,FALSE,Île-de-France,2023
U5432348330519031819,40-44 ans,M,TRUE,Grand Est,2024
U8762635019067700099,25-29 ans,F,TRUE,Île-de-France,2024
U-2273795264901058416,45-49 ans,M,TRUE,Nouvelle-Aquitaine,2025
U-787714672322099583,30-34 ans,M,TRUE,Île-de-France,2025
U-3904385745209683221,50-54 ans,F,TRUE,Île-de-France,2023
U3567989251302673527,30-34 ans,F,TRUE,Île-de-France,2022
U-6395878131110004601,30-34 ans,M,TRUE,Pays de la Loire,2025
U620613569800127372,30-34 ans,Non renseigné,FALSE,Île-de-France,2022
U-2077637457521780541,30-34 ans,M,TRUE,Provence-Alpes-Côte d'Azur,2024
U8680885007434491869,30-34 ans,Non renseigné,FALSE,Île-de-France,2023
U-6501551008694642575,30-34 ans,F,TRUE,Provence-Alpes-Côte d'Azur,2023
U-4294355134307453866,30-34 ans,M,TRUE,Nouvelle-Aquitaine,2024
U3425366102316880176,25-29 ans,M,TRUE,Nouvelle-Aquitaine,2023
U-6316004399094412417,40-44 ans,Non renseigné,FALSE,Nouvelle-Aquitaine,2022
U-3400260043800102585,55-59 ans,Non renseigné,FALSE,Île-de-France,2024
U5495614135264271024,60 ans ou plus,Non renseigné,FALSE,Île-de-France,2022
U-969550685666807210,35-39 ans,F,TRUE,Nouvelle-Aquitaine,2024
U2263904965234438719,35-39 ans,F,TRUE,Île-de-France,2023
U-6203775186118498055,30-34 ans,M,TRUE,Île-de-France,2023
U-6212621272775030360,30-34 ans,M,TRUE,Hauts-de-France,2022
U2291554142854355253,35-39 ans,M,TRUE,Île-de-France,2025
U-6937121676630416610,45-49 ans,M,TRUE,Île-de-France,2022
U8731863396471481633,45-49 ans,Non renseigné,FALSE,Île-de-France,2022
U6246583646916847959,30-34 ans,F,TRUE,Île-de-France,2023
U-8373877806693619791,25-29 ans,M,TRUE,Bretagne,2023
U3170674854855729391,35-39 ans,F,TRUE,Île-de-France,2025
U8084930804783657063,50-54 ans,F,TRUE,Nouvelle-Aquitaine,2023
U-91859414207947353,30-34 ans,Non renseigné,FALSE,Nouvelle-Aquitaine,2022
U7420431297553933579,50-54 ans,M,TRUE,Provence-Alpes-Côte d'Azur,2025
U-5870183967408379074,25-29 ans,M,TRUE,Bretagne,2025
U3961529793910462209,30-34 ans,M,TRUE,Île-de-France,2024
U-7472617648194143479,30-34 ans,M,TRUE,Île-de-France,2025
U2925216305844074931,50-54 ans,F,TRUE,Provence-Alpes-Côte d'Azur,2025
U-5426548711649113266,55-59 ans,Non renseigné,FALSE,Île-de-France,2022
U-4616634437456133590,30-34 ans,M,TRUE,Île-de-France,2024
U3420458647344636347,35-39 ans,M,TRUE,Île-de-France,2022
U1655536320941073906,30-34 ans,M,TRUE,Provence-Alpes-Côte d'Azur,2022
U3894680936290995915,40-44 ans,M,TRUE,Île-de-France,2022
U851845085698446469,35-39 ans,Non renseigné,FALSE,Île-de-France,2024
U-6436638882430318905,25-29 ans,M,TRUE,Pays de la Loire,2024
U8151829629805423961,35-39 ans,Non renseigné,FALSE,Île-de-France,2023
U3042903724792914446,25-29 ans,M,TRUE,Nouvelle-Aquitaine,2024
U4827132309794210242,55-59 ans,F,TRUE,Auvergne-Rhône-Alpes,2025
U-8431819294568181873,25-29 ans,M,TRUE,Hauts-de-France,2025
U-894745737510648056,35-39 ans,F,TRUE,Auvergne-Rhône-Alpes,2023
U3334342965201803068,30-34 ans,M,TRUE,Île-de-France,2022
U-4416518435548099238,55-59 ans,Non renseigné,FALSE,Occitanie,2022
U3240549231682489925,45-49 ans,M,TRUE,Nouvelle-Aquitaine,2022
U3575656630883147530,35-39 ans,M,TRUE,Grand Est,2022
U-1285879801254328162,35-39 ans,F,TRUE,Grand Est,2025
U-3888888734576595269,30-34 ans,Non renseigné,FALSE,Auvergne-Rhône-Alpes,2022
U5149496123426770521,50-54 ans,M,TRUE,Île-de-France,2023
U2369392628522842843,30-34 ans,M,TRUE,Île-de-France,2023
U-5636123065202872361,35-39 ans,M,TRUE,Île-de-France,2024
U5796328351429583482,35-39 ans,M,TRUE,Île-de-France,2023
U-4886797597716679186,35-39 ans,F,TRUE,Nouvelle-Aquitaine,2025
U7771539370650452942,50-54 ans,M,TRUE,Occitanie,2025
U2995624568623434487,30-34 ans,M,TRUE,Île-de-France,2024
U5363028299603614907,25-29 ans,M,TRUE,Centre-Val de Loire,2025
U2779650609019189301,35-39 ans,Non renseigné,FALSE,Île-de-France,2023
U-2002762041929141439,25-29 ans,Non renseigné,FALSE,Nouvelle-Aquitaine,2022
U7393564340728840923,20-24 ans,M,TRUE,Hauts-de-France,2022
U7976645352367407349,30-34 ans,M,TRUE,Hauts-de-France,2023
U-8176928028728358463,35-39 ans,M,TRUE,Île-de-France,2025
U-2560990010929420160,45-49 ans,M,TRUE,Île-de-France,2025
U4234459057082094358,25-29 ans,M,TRUE,Auvergne-Rhône-Alpes,2025
U6835743977288907923,25-29 ans,M,TRUE,Île-de-France,2022
U-7943368953272220875,20-24 ans,M,TRUE,Auvergne-Rhône-Alpes,2024
U5149839152700623681,40-44 ans,Non renseigné,FALSE,Île-de-France,2023
U-2171947510006394348,45-49 ans,F,TRUE,Pays de la Loire,2025
U2589726384785958371,25-29 ans,M,TRUE,Auvergne-Rhône-Alpes,2023
U3929361445541375652,25-29 ans,F,TRUE,Centre-Val de Loire,2025
U7299543106808298485,30-34 ans,M,TRUE,Île-de-France,2025
U-2644682799591466830,45-49 ans,M,TRUE,Provence-Alpes-Côte d'Azur,2022
U1679465834286568788,35-39 ans,Non renseigné,FALSE,Île-de-France,2022
U2201037768259199222,45-49 ans,M,TRUE,Île-de-France,2024
U7058545111723829636,45-49 ans,M,TRUE,Occitanie,2025
U-7174148166623297497,30-34 ans,F,TRUE,Provence-Alpes-Côte d'Azur,2025
U-406590461049548397,55-59 ans,M,TRUE,Île-de-France,2023
U-3880627967059705208,45-49 ans,M,TRUE,Provence-Alpes-Côte d'Azur,2025
U-3463368008009243429,30-34 ans,Non renseigné,FALSE,Île-de-France,2023
U-6934581498599952006,35-39 ans,M,TRUE,Provence-Alpes-Côte d'Azur,2025
U4545629959581806330,30-34 ans,Non renseigné,FALSE,Île-de-France,2022
U-6894544351749409264,30-34 ans,F,TRUE,Bourgogne-Franche-Comté,2022
U7501412014698153099,35-39 ans,M,TRUE,Île-de-France,2022
U136309821797512175,30-34 ans,M,TRUE,Île-de-France,2023
U3265435326908330705,30-34 ans,Non renseigné,FALSE,Grand Est,2022
U7208828140683949161,40-44 ans,M,TRUE,DROM,2025
U-8488437050709686485,45-49 ans,Non renseigné,FALSE,Bretagne,2023
U6661055472876553875,30-34 ans,Non renseigné,FALSE,Occitanie,2024
U6615790718562600031,45-49 ans,Non renseigné,FALSE,Grand Est,2022
U5697534608833282443,50-54 ans,F,TRUE,Provence-Alpes-Côte d'Azur,2024
U-3103869876006062722,25-29 ans,Non renseigné,FALSE,Île-de-France,2022
U-409092405152004264,25-29 ans,M,TRUE,Île-de-France,2023
U1286536679178535250,50-54 ans,F,TRUE,Île-de-France,2023
U4644735396943154900,25-29 ans,M,TRUE,Grand Est,2025
U5225926859409182335,25-29 ans,M,TRUE,Normandie,2024
U4097678202279955401,30-34 ans,M,TRUE,Bourgogne-Franche-Comté,2025
U2634989197273167559,50-54 ans,M,TRUE,Occitanie,2024
U437371802377612633,40-44 ans,M,TRUE,Occitanie,2025
U7906394146967822908,25-29 ans,M,TRUE,Occitanie,2022
U-2239682801869273568,30-34 ans,Non renseigné,FALSE,Île-de-France,2023
U2949340371733772168,50-54 ans,M,TRUE,Hauts-de-France,2025
U5093437191614047076,35-39 ans,Non renseigné,FALSE,Île-de-France,2022
U-3424129481580150320,50-54 ans,M,TRUE,Provence-Alpes-Côte d'Azur,2024
U-5925235888287810082,25-29 ans,M,TRUE,Auvergne-Rhône-Alpes,2025
U-266045521977928525,45-49 ans,M,TRUE,Pays de la Loire,2023
U-4300875009218220103,35-39 ans,M,TRUE,Pays de la Loire,2022
U6965151443382660756,25-29 ans,M,TRUE,Île-de-France,2023
U1329411957623269675,30-34 ans,M,TRUE,Pays de la Loire,2023
U7069338220840998383,30-34 ans,M,TRUE,Île-de-France,2022
U4682446608712236425,25-29 ans,M,TRUE,Île-de-France,2025
U8379223941995079850,25-29 ans,M,TRUE,Île-de-France,2025
U-4760697491329825898,35-39 ans,M,TRUE,Île-de-France,2022
U-441315571804465205,30-34 ans,F,TRUE,Île-de-France,2022
U-9197833047101216357,45-49 ans,M,TRUE,Bretagne,2024
U-7866664164155786296,25-29 ans,Non renseigné,FALSE,Île-de-France,2022
U8279314932542005950,25-29 ans,M,TRUE,Île-de-France,2024
U-4203489479803789855,30-34 ans,Non renseigné,FALSE,Auvergne-Rhône-Alpes,2023
U733759034455640105,40-44 ans,M,TRUE,Île-de-France,2024
U-831517605890938417,35-39 ans,Non renseigné,FALSE,Île-de-France,2022
U-4753695854159722210,40-44 ans,Non renseigné,FALSE,Île-de-France,2022
U8789870509245773701,35-39 ans,M,TRUE,Nouvelle-Aquitaine,2025
U8543795070193905071,25-29 ans,M,TRUE,Île-de-France,2022
U7359742212314889678,35-39 ans,M,TRUE,Île-de-France,2022
U7770823331836185287,35-39 ans,M,TRUE,Hauts-de-France,2023
U-4116261182171845075,30-34 ans,Non renseigné,FALSE,Île-de-France,2022
U-7986685348261648229,20-24 ans,M,TRUE,Nouvelle-Aquitaine,2024
U-6694318856803141585,25-29 ans,M,TRUE,Île-de-France,2024
U-2020433355047146762,35-39 ans,M,TRUE,Auvergne-Rhône-Alpes,2023
U6551270427627797985,30-34 ans,M,TRUE,Île-de-France,2023
U-7562287633777914118,35-39 ans,M,TRUE,Île-de-France,2023
U-7933740471768571727,25-29 ans,M,TRUE,Grand Est,2024
U2895995911256217883,35-39 ans,Non renseigné,FALSE,Hauts-de-France,2022
U592421722107432515,25-29 ans,F,TRUE,Bretagne,2022
U5860838793434111471,25-29 ans,Non renseigné,FALSE,Île-de-France,2022
U-4628241657500045108,35-39 ans,F,TRUE,Île-de-France,2023
U-399963113373564746,45-49 ans,M,TRUE,Nouvelle-Aquitaine,2025
U7353732104507699905,25-29 ans,M,TRUE,Île-de-France,2022
U7028964639755922329,25-29 ans,M,TRUE,Île-de-France,2024
U-5409020613374190856,35-39 ans,F,TRUE,Occitanie,2024
U-1506166317875714402,35-39 ans,M,TRUE,Grand Est,2023
U3653505255912383491,30-34 ans,Non renseigné,FALSE,Île-de-France,2022
U-5775318341064740138,30-34 ans,M,TRUE,Île-de-France,2023
U-3687808963320581957,30-34 ans,Non renseigné,FALSE,Île-de-France,2022
U-3354238247589263442,55-59 ans,M,TRUE,Hauts-de-France,2023
U1343201767257985452,35-39 ans,F,TRUE,Île-de-France,2025
U-1032522968328532419,30-34 ans,M,TRUE,Provence-Alpes-Côte d'Azur,2025
U-2283271134003568860,25-29 ans,Non renseigné,FALSE,Île-de-France,2023
U-8812159350728585523,50-54 ans,F,TRUE,Normandie,2025
U1922031429455919634,25-29 ans,M,TRUE,Île-de-France,2022
U5354263470336781655,30-34 ans,Non renseigné,FALSE,Occitanie,2022
U-7171165726337032583,35-39 ans,M,TRUE,Bretagne,2022
U-7558572590512408547,35-39 ans,Non renseigné,FALSE,Auvergne-Rhône-Alpes,2022
U7811643257759329666,30-34 ans,F,TRUE,Île-de-France,2023
U-2731794784199680221,55-59 ans,M,TRUE,Île-de-France,2022
U4942906898065663913,30-34 ans,M,TRUE,Hauts-de-France,2022
U-8917072185707224589,40-44 ans,Non renseigné,FALSE,Auvergne-Rhône-Alpes,2023
U8076526216230095753,35-39 ans,M,TRUE,Nouvelle-Aquitaine,2022
U-1893914026357805986,60 ans ou plus,Non renseigné,FALSE,Auvergne-Rhône-Alpes,2022
U2065372393837506529,25-29 ans,Non renseigné,FALSE,Bretagne,2024
U1807360599923215843,25-29 ans,M,TRUE,Grand Est,2022
U-180344968105842606,35-39 ans,M,TRUE,Île-de-France,2022
U-5481079650958180934,30-34 ans,Non renseigné,FALSE,Île-de-France,2023
U-2700472247452494702,35-39 ans,M,TRUE,Occitanie,2022
U-2116941122978261184,40-44 ans,Non renseigné,FALSE,Île-de-France,2022
U4816161739224860052,30-34 ans,M,TRUE,Nouvelle-Aquitaine,2022
U-6337871710707549649,25-29 ans,M,TRUE,Auvergne-Rhône-Alpes,2024
U-875662441132137631,30-34 ans,M,TRUE,Grand Est,2022
U7971061877713488994,30-34 ans,M,TRUE,Auvergne-Rhône-Alpes,2025
U-4343428191319913701,25-29 ans,M,TRUE,Île-de-France,2025
U-567822998200664525,35-39 ans,M,TRUE,Île-de-France,2023
U-7970283096144675722,30-34 ans,Non renseigné,FALSE,Occitanie,2025
U-7041604357806536559,35-39 ans,Non renseigné,FALSE,Île-de-France,2022
U3730995790669365989,30-34 ans,M,TRUE,Île-de-France,2023
U9085092486159742862,40-44 ans,M,TRUE,Provence-Alpes-Côte d'Azur,2024
U-3502731148111535249,30-34 ans,F,TRUE,Île-de-France,2023
U-1490850696107626198,40-44 ans,M,TRUE,Normandie,2022
U-8203436308516041486,30-34 ans,M,TRUE,Île-de-France,2025
U7816669584294187905,30-34 ans,F,TRUE,Bretagne,2024
U-6830739690779954058,30-34 ans,M,TRUE,Île-de-France,2025
U-6911758705346327689,45-49 ans,M,TRUE,DROM,2024
U-4980590188570764489,30-34 ans,M,TRUE,Bourgogne-Franche-Comté,2024
U-8145114272836051146,35-39 ans,M,TRUE,Île-de-France,2025
U309506860968430094,55-59 ans,M,TRUE,Île-de-France,2022
U8517548583471104844,35-39 ans,M,TRUE,Auvergne-Rhône-Alpes,2022
U-2962729463974418642,50-54 ans,M,TRUE,Île-de-France,2024
U-1149579714958310762,35-39 ans,M,TRUE,Île-de-France,2022
U2552398244237256602,35-39 ans,M,TRUE,Provence-Alpes-Côte d'Azur,2025
U5716862933131579788,30-34 ans,M,TRUE,Hauts-de-France,2022
U3915710236114145276,25-29 ans,M,TRUE,Normandie,2022
U2327903379338335979,35-39 ans,M,TRUE,Hauts-de-France,2023
U-4412752480677733560,30-34 ans,F,TRUE,Centre-Val de Loire,2025
U-2080069687719103280,45-49 ans,Non renseigné,FALSE,Nouvelle-Aquitaine,2022
U482197469111291358,25-29 ans,Non renseigné,FALSE,Provence-Alpes-Côte d'Azur,2022
U-614359156876190411,30-34 ans,M,TRUE,Bretagne,2022
U393304690579499211,25-29 ans,F,TRUE,Île-de-France,2023
U341514787569750030,40-44 ans,F,TRUE,Provence-Alpes-Côte d'Azur,2022
U956017715555051163,35-39 ans,M,TRUE,Île-de-France,2022
U-7061122784885472636,25-29 ans,M,TRUE,Île-de-France,2022
U-8310154768004749309,40-44 ans,M,TRUE,Centre-Val de Loire,2025
U1134766157862523611,50-54 ans,Non renseigné,FALSE,Nouvelle-Aquitaine,2022
U9007345991346834655,30-34 ans,F,TRUE,Nouvelle-Aquitaine,2025
U-6223944746322315408,40-44 ans,M,TRUE,Grand Est,2024
U2228328264517434361,55-59 ans,F,TRUE,Grand Est,2025
U-954942061787437269,25-29 ans,Non renseigné,FALSE,Bretagne,2023
U-3004007247922356575,35-39 ans,M,TRUE,Île-de-France,2022
U-4592609483676132218,25-29 ans,M,TRUE,Hauts-de-France,2023
U-6279792117241042866,30-34 ans,Non renseigné,FALSE,Île-de-France,2022
U-4063755304342838499,25-29 ans,Non renseigné,FALSE,Île-de-France,2023
U-7971632628519191342,25-29 ans,Non renseigné,FALSE,Île-de-France,2023
U-7687529470609387599,40-44 ans,M,TRUE,Île-de-France,2025
U-7339195012151480336,20-24 ans,M,TRUE,Occitanie,2025
U1263606912873162477,30-34 ans,Non renseigné,FALSE,Grand Est,2025
U-2652524935450531685,30-34 ans,Non renseigné,FALSE,Île-de-France,2022
U-8578262738659916697,30-34 ans,M,TRUE,Île-de-France,2025
U-4579705020517847422,50-54 ans,Non renseigné,FALSE,Île-de-France,2022
U-7717798064298692648,40-44 ans,M,TRUE,Île-de-France,2023
U3874166647396620249,40-44 ans,M,TRUE,Bretagne,2022
U-8455359759344950011,25-29 ans,F,TRUE,Île-de-France,2025
U-7120811284821738077,40-44 ans,F,TRUE,Centre-Val de Loire,2024
U-7238141551310955405,50-54 ans,M,TRUE,Nouvelle-Aquitaine,2022
U-7756849768486125962,35-39 ans,Non renseigné,FALSE,Pays de la Loire,2022
U-7924366571565425916,30-34 ans,M,TRUE,Occitanie,2025
U-419745965377995822,30-34 ans,F,TRUE,Hauts-de-France,2022
U8528115494765847628,40-44 ans,F,TRUE,Auvergne-Rhône-Alpes,2022
U-635286002225225444,45-49 ans,Non renseigné,FALSE,Île-de-France,2025
U-5730808294959377229,25-29 ans,Non renseigné,FALSE,Occitanie,2023
U-2151510469309745025,35-39 ans,M,TRUE,Grand Est,2025
U-5438993415549299412,20-24 ans,M,TRUE,Nouvelle-Aquitaine,2025
U-497795175698837864,35-39 ans,M,TRUE,Provence-Alpes-Côte d'Azur,2022
U3945888533464693138,30-34 ans,F,TRUE,Occitanie,2022
U2875286279633742880,35-39 ans,M,TRUE,Île-de-France,2022
U8485175910105650487,45-49 ans,Non renseigné,FALSE,Île-de-France,2022
U6139254975420135455,30-34 ans,M,TRUE,Occitanie,2023
U380945636863093407,35-39 ans,M,TRUE,Provence-Alpes-Côte d'Azur,2024
U1801005641640166095,45-49 ans,M,TRUE,Grand Est,2024
U7628440835719799204,30-34 ans,Non renseigné,FALSE,Île-de-France,2022
U1592913246286801491,30-34 ans,Non renseigné,FALSE,Île-de-France,2022
U2991640942664111291,40-44 ans,M,TRUE,Normandie,2022
U-1749030158565793301,35-39 ans,M,TRUE,Auvergne-Rhône-Alpes,2022
U-3802640919451528943,35-39 ans,M,TRUE,Grand Est,2023
U3130944993885938883,40-44 ans,F,TRUE,Pays de la Loire,2024
U-1757413017861193594,25-29 ans,Non renseigné,FALSE,Île-de-France,2023
U7021338953208055325,30-34 ans,F,TRUE,Nouvelle-Aquitaine,2025
U-3084889935228811976,45-49 ans,Non renseigné,FALSE,Île-de-France,2023
U-8596979567492777564,30-34 ans,M,TRUE,Nouvelle-Aquitaine,2022
U7887640645235837347,35-39 ans,F,TRUE,Provence-Alpes-Côte d'Azur,2022
U-3223688774143295744,25-29 ans,M,TRUE,Occitanie,2025
U-6307460490342810710,30-34 ans,Non renseigné,FALSE,Normandie,2024
U-1848857118366454814,40-44 ans,F,TRUE,Grand Est,2022
U-4237616515081702202,45-49 ans,Non renseigné,FALSE,Auvergne-Rhône-Alpes,2022
U4064890623330325612,45-49 ans,Non renseigné,FALSE,Hauts-de-France,2022
U638601144955658068,35-39 ans,M,TRUE,Île-de-France,2024
U2803132678067780025,60 ans ou plus,M,TRUE,Île-de-France,2023
U4990954274608955275,30-34 ans,Non renseigné,FALSE,Île-de-France,2022
U-766459566278910921,40-44 ans,M,TRUE,Normandie,2022
U8160449830674886831,20-24 ans,Non renseigné,FALSE,Auvergne-Rhône-Alpes,2025
U6958528199965845138,40-44 ans,M,TRUE,Île-de-France,2022
U-5564171748580287754,25-29 ans,Non renseigné,FALSE,Île-de-France,2022
U-613297547441354568,55-59 ans,Non renseigné,FALSE,Auvergne-Rhône-Alpes,2024
U38539576566414419,25-29 ans,F,TRUE,Grand Est,2023
U-855740133011487332,35-39 ans,F,TRUE,Île-de-France,2025
U2093536588368793703,25-29 ans,F,TRUE,Auvergne-Rhône-Alpes,2024
U-775928337155812546,45-49 ans,M,TRUE,Hauts-de-France,2024
U1214320356361044976,35-39 ans,F,TRUE,Hauts-de-France,2023
U-2468096688296850010,30-34 ans,Non renseigné,FALSE,Occitanie,2022
U5890256211100923504,30-34 ans,Non renseigné,FALSE,Auvergne-Rhône-Alpes,2022
U-3979018661204525134,40-44 ans,M,TRUE,Île-de-France,2022
U2152003015824382989,30-34 ans,Non renseigné,FALSE,Île-de-France,2022
U9080936661109603170,35-39 ans,M,TRUE,Île-de-France,2022
U-283030378934500577,45-49 ans,M,TRUE,Île-de-France,2025
U7727472502651392810,30-34 ans,Non renseigné,FALSE,Île-de-France,2023
U-8462119888556139974,30-34 ans,M,TRUE,Île-de-France,2023
U-7192884398780072500,55-59 ans,M,TRUE,Nouvelle-Aquitaine,2025
U7677078201150450361,30-34 ans,F,TRUE,Île-de-France,2022
U5371052689653930175,55-59 ans,M,TRUE,Provence-Alpes-Côte d'Azur,2025
U-4662376894732161575,25-29 ans,M,TRUE,Île-de-France,2023
U1509855382185199010,55-59 ans,Non renseigné,FALSE,Île-de-France,2022
U-6081743708130239080,40-44 ans,F,TRUE,Île-de-France,2023
U6476235891816673923,45-49 ans,F,TRUE,Provence-Alpes-Côte d'Azur,2024
U9069299407255971708,30-34 ans,F,TRUE,Île-de-France,2022
U7360904350461775367,40-44 ans,Non renseigné,FALSE,Auvergne-Rhône-Alpes,2024
U-8552481573414935503,55-59 ans,M,TRUE,Occitanie,2025
U3909218660967362052,40-44 ans,M,TRUE,Provence-Alpes-Côte d'Azur,2022
U4468569447213728564,35-39 ans,F,TRUE,Île-de-France,2025
U-8497986969669005342,35-39 ans,F,TRUE,Auvergne-Rhône-Alpes,2023
U9197238969672641476,45-49 ans,M,TRUE,Occitanie,2023
U6365132674442824351,30-34 ans,M,TRUE,Pays de la Loire,2024
U-2760640253481091674,35-39 ans,M,TRUE,Île-de-France,2022
U6339204628551875313,40-44 ans,M,TRUE,Île-de-France,2024
U-7680087852748869894,25-29 ans,M,TRUE,Pays de la Loire,2025
U-5275424971204688915,25-29 ans,F,TRUE,Pays de la Loire,2022
U-4854971048234606705,30-34 ans,Non renseigné,FALSE,Nouvelle-Aquitaine,2022
U3167542016276475114,25-29 ans,F,TRUE,Auvergne-Rhône-Alpes,2025
U7508235029335699153,30-34 ans,M,TRUE,Auvergne-Rhône-Alpes,2024
U-3284841341794444336,45-49 ans,Non renseigné,FALSE,Auvergne-Rhône-Alpes,2022
U-40791600989145542,30-34 ans,Non renseigné,FALSE,Auvergne-Rhône-Alpes,2022
U8255486054546962262,40-44 ans,M,TRUE,Île-de-France,2022
U-2442325583486741201,35-39 ans,Non renseigné,FALSE,Bourgogne-Franche-Comté,2022
U8506827322064126073,50-54 ans,M,TRUE,Île-de-France,2023
U3757691434808091107,35-39 ans,M,TRUE,Île-de-France,2023
U1192605185092452322,40-44 ans,M,TRUE,Hauts-de-France,2022
U-8493394780057559567,55-59 ans,Non renseigné,FALSE,Île-de-France,2023
U5528404967070435159,40-44 ans,Non renseigné,FALSE,Auvergne-Rhône-Alpes,2022
U-7929040190904096493,25-29 ans,Non renseigné,FALSE,Nouvelle-Aquitaine,2022
U4330436167950632396,25-29 ans,M,TRUE,Île-de-France,2024
U-5663160985707538105,25-29 ans,M,TRUE,Auvergne-Rhône-Alpes,2023
U6240637609801927986,25-29 ans,Non renseigné,FALSE,Île-de-France,2023
U-7888482599309874394,25-29 ans,M,TRUE,Île-de-France,2025
U-9139309613261834670,40-44 ans,F,TRUE,Pays de la Loire,2024
U4448787769790764776,25-29 ans,M,TRUE,Nouvelle-Aquitaine,2023
U4036315826918149146,30-34 ans,Non renseigné,FALSE,Hauts-de-France,2022
U4659123508814639003,40-44 ans,Non renseigné,FALSE,Île-de-France,2023
U2206817799931135027,40-44 ans,F,TRUE,Occitanie,2022
U4372746817241364429,30-34 ans,F,TRUE,Île-de-France,2023
U-1277710279679944831,25-29 ans,M,TRUE,Centre-Val de Loire,2025
U-7159023134005442072,30-34 ans,M,TRUE,Hauts-de-France,2025
U6403002892707536319,35-39 ans,M,TRUE,Nouvelle-Aquitaine,2022
U2187438782675760546,50-54 ans,M,TRUE,Grand Est,2025
U2530138855366090873,30-34 ans,Non renseigné,FALSE,Centre-Val de Loire,2022
U5467102350056507793,55-59 ans,M,TRUE,Bourgogne-Franche-Comté,2025
U7780425088570598344,25-29 ans,M,TRUE,Auvergne-Rhône-Alpes,2022
U-5972346581395012781,25-29 ans,Non renseigné,FALSE,Nouvelle-Aquitaine,2022
U8440046409649459269,25-29 ans,Non renseigné,FALSE,Auvergne-Rhône-Alpes,2022
U-5402533304824750606,45-49 ans,M,TRUE,Île-de-France,2022
U-2860133524111358217,35-39 ans,Non renseigné,FALSE,Île-de-France,2022
U-3673221432428233333,35-39 ans,Non renseigné,FALSE,Pays de la Loire,2023
U-3537008762971384996,55-59 ans,M,TRUE,Île-de-France,2025
U-2436651528898051286,20-24 ans,Non renseigné,FALSE,Hauts-de-France,2023
U-7735160732559326721,30-34 ans,M,TRUE,Provence-Alpes-Côte d'Azur,2024
U-796752418532687799,25-29 ans,M,TRUE,Île-de-France,2025
U-4829631980396591202,30-34 ans,Non renseigné,FALSE,Hauts-de-France,2022
U400496933680181118,35-39 ans,Non renseigné,FALSE,Île-de-France,2022
U4285832252433422415,45-49 ans,F,TRUE,Île-de-France,2022
U-1040026034920955777,25-29 ans,M,TRUE,Bretagne,2023
U8898325571175007626,50-54 ans,Non renseigné,FALSE,Île-de-France,2022
U-6494384559990432680,35-39 ans,M,TRUE,Auvergne-Rhône-Alpes,2022
U-4510146189133097827,30-34 ans,F,TRUE,Île-de-France,2025
U-7070741627327557750,30-34 ans,Non renseigné,FALSE,Auvergne-Rhône-Alpes,2023
U-3902164714106428064,30-34 ans,F,TRUE,Île-de-France,2022
U-2599988144767269441,20-24 ans,Non renseigné,FALSE,Île-de-France,2022
U1997377652823730614,40-44 ans,Non renseigné,FALSE,Grand Est,2022
U7721542069898008527,30-34 ans,M,TRUE,Auvergne-Rhône-Alpes,2023
U4521937668092412180,45-49 ans,M,TRUE,Île-de-France,2025
U7482904302732578921,45-49 ans,Non renseigné,FALSE,Bretagne,2022
U-710916001551103937,30-34 ans,Non renseigné,FALSE,Île-de-France,2022
U2157422937662986259,30-34 ans,M,TRUE,Grand Est,2022
U7612639006524775257,50-54 ans,M,TRUE,Hauts-de-France,2024
U-5810456711598673757,50-54 ans,M,TRUE,Hauts-de-France,2022
U-8716868648316656235,50-54 ans,F,TRUE,Pays de la Loire,2023
U-2064427959445289766,30-34 ans,Non renseigné,FALSE,Île-de-France,2022
U-306699590498889026,30-34 ans,Non renseigné,FALSE,Auvergne-Rhône-Alpes,2025
U6752170394495329858,25-29 ans,M,TRUE,Occitanie,2025
U1075029106318359316,25-29 ans,M,TRUE,Île-de-France,2023
U-3860995039970806840,25-29 ans,M,TRUE,Île-de-France,2023
U6927510202351445464,25-29 ans,M,TRUE,Bourgogne-Franche-Comté,2024
U117781131851436489,40-44 ans,M,TRUE,Centre-Val de Loire,2025
U-7173868791697734279,30-34 ans,M,TRUE,Île-de-France,2022
U-2582546534107073542,35-39 ans,M,TRUE,Grand Est,2025
U4155492141382033486,25-29 ans,Non renseigné,FALSE,Île-de-France,2023
U1785795982001390938,30-34 ans,M,TRUE,Île-de-France,2025
U-2505053078602419805,40-44 ans,Non renseigné,FALSE,Occitanie,2024
U-5653313225477520936,30-34 ans,M,TRUE,Auvergne-Rhône-Alpes,2022
U3830732291953332140,25-29 ans,M,TRUE,Île-de-France,2025
U5492183098166690508,30-34 ans,Non renseigné,FALSE,Île-de-France,2023
U-4716953461885055353,35-39 ans,M,TRUE,Hauts-de-France,2024
U8339439703075104969,50-54 ans,M,TRUE,Île-de-France,2025
U5104173612514689735,35-39 ans,M,TRUE,Île-de-France,2025
U-6116245283879707380,30-34 ans,F,TRUE,Île-de-France,2024
U-1590732409502143974,45-49 ans,M,TRUE,Île-de-France,2023
U7800448467416231668,35-39 ans,M,TRUE,Normandie,2022
U-2618626952126188549,25-29 ans,M,TRUE,Provence-Alpes-Côte d'Azur,2023
U-6807518495235002317,40-44 ans,M,TRUE,Île-de-France,2023
U-9142499226248016222,30-34 ans,Non renseigné,FALSE,Bretagne,2022
U-320829840707781155,20-24 ans,M,TRUE,Normandie,2024
U6796944228474388171,45-49 ans,Non renseigné,FALSE,Île-de-France,2023
U4726280518164307213,35-39 ans,Non renseigné,FALSE,Pays de la Loire,2022
U-3995913005424498663,30-34 ans,M,TRUE,Nouvelle-Aquitaine,2024
U3937625908762108357,30-34 ans,Non renseigné,FALSE,Occitanie,2022
U172855521812227536,35-39 ans,Non renseigné,FALSE,Nouvelle-Aquitaine,2024
U-1954875276071010688,25-29 ans,M,TRUE,Hauts-de-France,2023
U-1040079775159168887,30-34 ans,M,TRUE,Île-de-France,2022
U-6909241496730601988,40-44 ans,F,TRUE,Île-de-France,2022
U-787418864973923027,30-34 ans,F,TRUE,Bourgogne-Franche-Comté,2025
U-2400037883322342337,25-29 ans,F,TRUE,Auvergne-Rhône-Alpes,2023
U-3562745488396154763,35-39 ans,F,TRUE,Île-de-France,2025
U91964132843849399,55-59 ans,M,TRUE,Auvergne-Rhône-Alpes,2022
U-4046542214215260354,45-49 ans,F,TRUE,Auvergne-Rhône-Alpes,2022
U-4754480030163966140,20-24 ans,M,TRUE,Grand Est,2024
U-8078761719351832509,35-39 ans,M,TRUE,Île-de-France,2022
U-5788109017644484034,40-44 ans,M,TRUE,Bretagne,2025
U-960145502272366320,45-49 ans,F,TRUE,Île-de-France,2022
U-7599666494389689817,35-39 ans,Non renseigné,FALSE,Pays de la Loire,2022
U-3809687499751788311,20-24 ans,M,TRUE,Île-de-France,2025
U-586728994741955371,25-29 ans,Non renseigné,FALSE,Île-de-France,2022
U2869355591681960376,35-39 ans,M,TRUE,Centre-Val de Loire,2022
U-1957827214536382996,25-29 ans,M,TRUE,Provence-Alpes-Côte d'Azur,2025
U-7441504019836714900,40-44 ans,M,TRUE,Grand Est,2022
U5277664188080243734,35-39 ans,Non renseigné,FALSE,Île-de-France,2024
U-2654853263083205154,30-34 ans,M,TRUE,Provence-Alpes-Côte d'Azur,2022
U-2760654785182449124,25-29 ans,M,TRUE,Normandie,2023
U-939347296801610956,30-34 ans,M,TRUE,Bretagne,2025
U6775438013979057277,25-29 ans,Non renseigné,FALSE,Provence-Alpes-Côte d'Azur,2025
U-7623034717906034450,30-34 ans,M,TRUE,Provence-Alpes-Côte d'Azur,2022
U2883876027623980488,40-44 ans,M,TRUE,Provence-Alpes-Côte d'Azur,2025
U6848542672348829044,25-29 ans,M,TRUE,Auvergne-Rhône-Alpes,2023
U-1557783502110057416,25-29 ans,M,TRUE,Île-de-France,2022
U-7935544097543773950,30-34 ans,M,TRUE,Auvergne-Rhône-Alpes,2024
U6752423428576253485,25-29 ans,M,TRUE,Auvergne-Rhône-Alpes,2024
U5890133711834533217,45-49 ans,M,TRUE,Île-de-France,2025
U-5722741202696869990,30-34 ans,F,TRUE,Île-de-France,2025
U-5291977426030830243,40-44 ans,M,TRUE,Île-de-France,2022
U3426192338719848357,60 ans ou plus,M,TRUE,Auvergne-Rhône-Alpes,2024
U593321576089987275,55-59 ans,Non renseigné,FALSE,Île-de-France,2023
U2513510363686823615,20-24 ans,M,TRUE,Bourgogne-Franche-Comté,2025
U-278868940256980583,30-34 ans,M,TRUE,Île-de-France,2023
U6205826368406191922,60 ans ou plus,M,TRUE,Île-de-France,2025
U8386509253275644510,35-39 ans,M,TRUE,Île-de-France,2025
U-2444445136478426790,30-34 ans,M,TRUE,Île-de-France,2023
U-3302268300441660296,30-34 ans,F,TRUE,Provence-Alpes-Côte d'Azur,2025
U-5787600572076717438,25-29 ans,M,TRUE,Île-de-France,2022
U7287976818032781841,35-39 ans,M,TRUE,Île-de-France,2023
U7803974455274862451,50-54 ans,M,TRUE,Hauts-de-France,2023
U-3477073826901299803,25-29 ans,F,TRUE,Provence-Alpes-Côte d'Azur,2025
U6092041630946026225,25-29 ans,M,TRUE,Grand Est,2025
U-2033103459642024073,35-39 ans,F,TRUE,Auvergne-Rhône-Alpes,2022
U4397450591858453663,35-39 ans,Non renseigné,FALSE,Île-de-France,2022
U-1261284677150888869,45-49 ans,M,TRUE,Île-de-France,2024
U-2023239465036772000,55-59 ans,M,TRUE,Pays de la Loire,2023
U3725138737310258958,30-34 ans,M,TRUE,Auvergne-Rhône-Alpes,2025
U-1885427889989252203,40-44 ans,M,TRUE,Provence-Alpes-Côte d'Azur,2023
U-4795645077754475713,25-29 ans,Non renseigné,FALSE,Île-de-France,2025
U2608563125886349583,25-29 ans,M,TRUE,Occitanie,2025
U-7929145434667024796,30-34 ans,M,TRUE,Provence-Alpes-Côte d'Azur,2024
U9137914196492140915,30-34 ans,M,TRUE,Auvergne-Rhône-Alpes,2023
U4706449756688867938,25-29 ans,M,TRUE,Île-de-France,2025
U8603910481473467928,25-29 ans,M,TRUE,Auvergne-Rhône-Alpes,2025
U3216387637215292901,45-49 ans,M,TRUE,Île-de-France,2022
U-3269995029778947239,25-29 ans,Non renseigné,FALSE,Île-de-France,2025
U4578792249068339864,45-49 ans,Non renseigné,FALSE,Île-de-France,2022
U-7452670338907252401,30-34 ans,Non renseigné,FALSE,Occitanie,2022
U-6138057070631833922,30-34 ans,M,TRUE,Nouvelle-Aquitaine,2023
U4423637313833093423,35-39 ans,M,TRUE,Pays de la Loire,2023
U3752760265575280477,25-29 ans,F,TRUE,Auvergne-Rhône-Alpes,2024
U1385675587402719347,35-39 ans,M,TRUE,Pays de la Loire,2022
U5587958042512521984,40-44 ans,M,TRUE,Île-de-France,2022
U-8560498039336881192,35-39 ans,F,TRUE,Occitanie,2022
U-6301789018451891057,40-44 ans,M,TRUE,Île-de-France,2023
U1177516932108772367,30-34 ans,M,TRUE,Nouvelle-Aquitaine,2025
U-7759610179148890214,40-44 ans,M,TRUE,Nouvelle-Aquitaine,2024
U-2910413398806894944,30-34 ans,M,TRUE,Île-de-France,2023
U-1686313588734996222,45-49 ans,Non renseigné,FALSE,Île-de-France,2022
U3721225973753923204,25-29 ans,M,TRUE,Île-de-France,2024
U6698378307159834193,45-49 ans,M,TRUE,Pays de la Loire,2025
U-8587734192615910627,25-29 ans,M,TRUE,Île-de-France,2025
U143325396960969481,30-34 ans,Non renseigné,FALSE,Île-de-France,2022
U-1353583759292972008,35-39 ans,M,TRUE,Provence-Alpes-Côte d'Azur,2025
U1059313862778104575,40-44 ans,M,TRUE,DROM,2025
U-8856798243537113108,40-44 ans,M,TRUE,Île-de-France,2024
U-5150438876021986575,40-44 ans,F,TRUE,Île-de-France,2023
U4726335651900266664,25-29 ans,F,TRUE,Occitanie,2025
U-4482262213744839422,40-44 ans,M,TRUE,Auvergne-Rhône-Alpes,2025
U5650352870337409588,30-34 ans,M,TRUE,Île-de-France,2025
U714970181729224516,25-29 ans,M,TRUE,Auvergne-Rhône-Alpes,2024
U7362725476663824309,35-39 ans,M,TRUE,Île-de-France,2023
U8166127288046880885,35-39 ans,Non renseigné,FALSE,Pays de la Loire,2022
U1005108239690806924,45-49 ans,M,TRUE,Auvergne-Rhône-Alpes,2022
U-135389184932103829,30-34 ans,M,TRUE,Île-de-France,2022
U7075613497944114828,35-39 ans,M,TRUE,Île-de-France,2025
U-3336438617752767721,50-54 ans,M,TRUE,Île-de-France,2024
U2055762936901083680,45-49 ans,Non renseigné,FALSE,Provence-Alpes-Côte d'Azur,2023
U8739702899873495835,25-29 ans,Non renseigné,FALSE,Auvergne-Rhône-Alpes,2023
U3012096262764055873,40-44 ans,Non renseigné,FALSE,Île-de-France,2023
U3968053534632724391,25-29 ans,M,TRUE,Île-de-France,2024
U-5504425121434423266,35-39 ans,Non renseigné,FALSE,Grand Est,2022
U-7497555120648940767,30-34 ans,Non renseigné,FALSE,Normandie,2023
U4126802513039028451,35-39 ans,M,TRUE,Provence-Alpes-Côte d'Azur,2022
U3266607636633910027,40-44 ans,Non renseigné,FALSE,Provence-Alpes-Côte d'Azur,2022
U4909770764295301434,30-34 ans,Non renseigné,FALSE,Bretagne,2022
U7376037968360937202,35-39 ans,F,TRUE,Île-de-France,2025
U-1457531700375379675,35-39 ans,M,TRUE,Hauts-de-France,2024
U1169449500310882163,50-54 ans,M,TRUE,Hauts-de-France,2023
U2249413553346032296,40-44 ans,M,TRUE,Île-de-France,2023
U-2948260238940945013,30-34 ans,F,TRUE,Île-de-France,2025
U-6724425549397295556,40-44 ans,Non renseigné,FALSE,Île-de-France,2022
U-4614739344976957464,40-44 ans,F,TRUE,Auvergne-Rhône-Alpes,2025
U2778185444848816872,35-39 ans,M,TRUE,Île-de-France,2023
U2963603905279292687,25-29 ans,M,TRUE,Île-de-France,2025
U7145739378755712069,40-44 ans,Non renseigné,FALSE,Île-de-France,2022
U-5938258452952433598,30-34 ans,F,TRUE,Provence-Alpes-Côte d'Azur,2023
U8223035865334321490,30-34 ans,M,TRUE,Île-de-France,2025
U346100835798204108,35-39 ans,M,TRUE,Île-de-France,2023
U4595937366032366484,40-44 ans,Non renseigné,FALSE,Occitanie,2022
U7230953150016459855,30-34 ans,Non renseigné,FALSE,Île-de-France,2022
U7258175334465693911,30-34 ans,M,TRUE,DROM,2024
U454422746242843572,35-39 ans,Non renseigné,FALSE,Bretagne,2022
U-3673122768172191324,25-29 ans,M,TRUE,Bourgogne-Franche-Comté,2023
U-8056320487469253347,25-29 ans,Non renseigné,FALSE,Île-de-France,2022
U-2516093910618410409,30-34 ans,M,TRUE,Île-de-France,2024
U-7793755187757893161,45-49 ans,F,TRUE,Auvergne-Rhône-Alpes,2022
U1144887112235403425,35-39 ans,F,TRUE,Provence-Alpes-Côte d'Azur,2023
U-7254379208498055523,35-39 ans,Non renseigné,FALSE,Auvergne-Rhône-Alpes,2022
U3542997316526779888,25-29 ans,M,TRUE,Île-de-France,2024
U2670714337491091487,40-44 ans,M,TRUE,Île-de-France,2025
U-2779387817943351919,45-49 ans,M,TRUE,Occitanie,2023
U306399943070967439,25-29 ans,F,TRUE,Île-de-France,2022
U-6002185667271439316,50-54 ans,M,TRUE,Provence-Alpes-Côte d'Azur,2025
U-4266938880722206381,25-29 ans,M,TRUE,Nouvelle-Aquitaine,2022
U-438149381421186457,30-34 ans,Non renseigné,FALSE,Grand Est,2023
U5788920013804577884,40-44 ans,Non renseigné,FALSE,Île-de-France,2023
U5198650260609577834,45-49 ans,M,TRUE,Auvergne-Rhône-Alpes,2022
U-8165433727757453546,40-44 ans,M,TRUE,Île-de-France,2025
U-6369444038956604373,45-49 ans,Non renseigné,FALSE,Occitanie,2022
U-7060365780698267885,30-34 ans,F,TRUE,Grand Est,2024
U-5539020796047465587,30-34 ans,M,TRUE,Grand Est,2023
U-3533019677503303593,30-34 ans,M,TRUE,Auvergne-Rhône-Alpes,2024
U182959680530365804,30-34 ans,Non renseigné,FALSE,Provence-Alpes-Côte d'Azur,2023
U4566878488257834328,40-44 ans,M,TRUE,Île-de-France,2024
U2549446412145588702,35-39 ans,M,TRUE,Occitanie,2025
U-5490531723969913144,35-39 ans,Non renseigné,FALSE,Île-de-France,2022
U-4073989802157777200,45-49 ans,M,TRUE,Provence-Alpes-Côte d'Azur,2025
U7049274930741046340,35-39 ans,M,TRUE,Île-de-France,2022
U-1023539135210168322,30-34 ans,M,TRUE,Nouvelle-Aquitaine,2022
U3015900147340579239,25-29 ans,Non renseigné,FALSE,Île-de-France,2022
U-8542615350600981525,35-39 ans,M,TRUE,Auvergne-Rhône-Alpes,2023
U2849506040238797934,30-34 ans,M,TRUE,DROM,2025
U-3843764382454914708,25-29 ans,M,TRUE,Provence-Alpes-Côte d'Azur,2024
U-5107395681878818573,35-39 ans,Non renseigné,FALSE,Bretagne,2023
U9056410984026901370,45-49 ans,F,TRUE,Bretagne,2022
U-2069375720981106540,25-29 ans,Non renseigné,FALSE,Occitanie,2024
U-2710905836906397512,25-29 ans,M,TRUE,Île-de-France,2024
U3170367706207700209,40-44 ans,M,TRUE,Occitanie,2022
U1943046221408721182,20-24 ans,M,TRUE,Hauts-de-France,2025
U-4608626888224025493,20-24 ans,F,TRUE,Île-de-France,2025
U6471816025287848571,35-39 ans,Non renseigné,FALSE,Île-de-France,2025
U4456576945422886229,35-39 ans,M,TRUE,Île-de-France,2025
U1589396258806117299,40-44 ans,F,TRUE,Île-de-France,2022
U6553763008702774598,25-29 ans,F,TRUE,Île-de-France,2024
U-194702096297420897,40-44 ans,M,TRUE,Nouvelle-Aquitaine,2025
U-7660038417632910927,30-34 ans,F,TRUE,Pays de la Loire,2024
U-4350621342200911950,25-29 ans,M,TRUE,Hauts-de-France,2024
U3844004169148497264,30-34 ans,F,TRUE,Île-de-France,2025
U-9186366715241217450,50-54 ans,M,TRUE,Bourgogne-Franche-Comté,2022
U-4154452058477295009,60 ans ou plus,Non renseigné,FALSE,Nouvelle-Aquitaine,2022
U-7399139147440258745,60 ans ou plus,Non renseigné,FALSE,Île-de-France,2022
U-8496038883716223915,30-34 ans,M,TRUE,Hauts-de-France,2024
U4512336182976920308,25-29 ans,Non renseigné,FALSE,Île-de-France,2023
U8042727351268828575,30-34 ans,F,TRUE,Île-de-France,2022
U-5959831851448490077,30-34 ans,Non renseigné,FALSE,Île-de-France,2022
U-2127832127646820989,50-54 ans,M,TRUE,Auvergne-Rhône-Alpes,2022
U776067291534409951,35-39 ans,M,TRUE,Île-de-France,2022
U-1727815657255540595,35-39 ans,Non renseigné,FALSE,Île-de-France,2025
U6385544840464893446,30-34 ans,M,TRUE,Nouvelle-Aquitaine,2024
U8643476495499489826,35-39 ans,F,TRUE,Nouvelle-Aquitaine,2024
U-4153871098809918761,30-34 ans,Non renseigné,FALSE,Île-de-France,2024
U1932234471188255565,35-39 ans,M,TRUE,Normandie,2024
U-8490929358985366947,30-34 ans,M,TRUE,Bretagne,2022
U-7623191050624919333,50-54 ans,Non renseigné,FALSE,Pays de la Loire,2022
U-4428942092478654407,25-29 ans,M,TRUE,Centre-Val de Loire,2024
U6825219063885261046,45-49 ans,M,TRUE,Île-de-France,2025
U-4751855125619993317,35-39 ans,M,TRUE,Île-de-France,2024
U7250109274079486124,30-34 ans,F,TRUE,Centre-Val de Loire,2025
U2601245724665201577,60 ans ou plus,Non renseigné,FALSE,Bretagne,2025
U-4181821399571284067,35-39 ans,M,TRUE,Auvergne-Rhône-Alpes,2022
U2075078000365845468,25-29 ans,F,TRUE,Île-de-France,2025
U-19847113008061029,50-54 ans,M,TRUE,Île-de-France,2022
U-8291113403839427724,25-29 ans,Non renseigné,FALSE,Auvergne-Rhône-Alpes,2022
U1589640439743994521,35-39 ans,Non renseigné,FALSE,Centre-Val de Loire,2022
U-2371537994746180109,40-44 ans,M,TRUE,Normandie,2025
U-374994716183226596,20-24 ans,F,TRUE,Bretagne,2024
U5233453967956038582,30-34 ans,F,TRUE,Île-de-France,2024
U-8875755366108970222,45-49 ans,Non renseigné,FALSE,Île-de-France,2022
U-1939694042111480140,40-44 ans,F,TRUE,Bourgogne-Franche-Comté,2024
U-6564911157887846550,35-39 ans,F,TRUE,Île-de-France,2025
U-7655380109237161414,25-29 ans,F,TRUE,Occitanie,2025
U-781417867664592065,25-29 ans,M,TRUE,Occitanie,2025
U-4728361898520133981,60 ans ou plus,M,TRUE,Centre-Val de Loire,2025
U5309652711172781332,45-49 ans,M,TRUE,Île-de-France,2025
U-4169143483734153269,40-44 ans,Non renseigné,FALSE,Auvergne-Rhône-Alpes,2022
U7684957241764427552,40-44 ans,M,TRUE,Auvergne-Rhône-Alpes,2025
U-2846620959233253844,40-44 ans,F,TRUE,Provence-Alpes-Côte d'Azur,2025
U-4343906196321232449,35-39 ans,F,TRUE,Île-de-France,2022
U2836271524057561158,40-44 ans,F,TRUE,Île-de-France,2023
U2557257552436165056,35-39 ans,Non renseigné,FALSE,Provence-Alpes-Côte d'Azur,2024
U7429029135520964383,20-24 ans,M,TRUE,Nouvelle-Aquitaine,2025
U-513370772158861660,30-34 ans,M,TRUE,Île-de-France,2025
U-4528837818605920654,35-39 ans,Non renseigné,FALSE,Île-de-France,2022
U-8964972691240127184,50-54 ans,M,TRUE,Île-de-France,2022
U-4026340629232539875,35-39 ans,F,TRUE,Nouvelle-Aquitaine,2022
U-8936420260071633483,25-29 ans,F,TRUE,Île-de-France,2024
U-1905101749823168238,30-34 ans,F,TRUE,Île-de-France,2022
U7635127524603935733,40-44 ans,F,TRUE,Nouvelle-Aquitaine,2025
U-9198803007626908050,45-49 ans,M,TRUE,Île-de-France,2023
U2387610249143243511,40-44 ans,M,TRUE,Bretagne,2025
U2610126493431349286,55-59 ans,F,TRUE,Île-de-France,2025
U5754263247975137789,35-39 ans,F,TRUE,Hauts-de-France,2025
U-4378019518472201215,40-44 ans,Non renseigné,FALSE,Pays de la Loire,2022
U107619354641382196,55-59 ans,M,TRUE,Île-de-France,2023
U109480680049345451,20-24 ans,F,TRUE,Île-de-France,2022
U3023950822099502754,45-49 ans,M,TRUE,Auvergne-Rhône-Alpes,2022
U-4405799100733623110,30-34 ans,M,TRUE,Nouvelle-Aquitaine,2025
U-1844660259603346066,30-34 ans,M,TRUE,Île-de-France,2023
U-4552100186564195398,25-29 ans,M,TRUE,DROM,2025
U-2285790741378855568,45-49 ans,F,TRUE,Île-de-France,2024
U5643274632450463628,25-29 ans,F,TRUE,Île-de-France,2024
U207719965206576932,30-34 ans,M,TRUE,Occitanie,2025
U1582485233666770452,30-34 ans,Non renseigné,FALSE,Île-de-France,2023
U2249146396758535587,20-24 ans,M,TRUE,Auvergne-Rhône-Alpes,2024
U-260631112164003212,60 ans ou plus,M,TRUE,Île-de-France,2023
U-3661320218064225193,30-34 ans,F,TRUE,Île-de-France,2022
U-3511557789326007556,35-39 ans,M,TRUE,Auvergne-Rhône-Alpes,2024
U8490606894378997159,35-39 ans,F,TRUE,Auvergne-Rhône-Alpes,2025
U-8960940829870722819,40-44 ans,M,TRUE,Île-de-France,2022
U-5034363492486065266,50-54 ans,M,TRUE,Île-de-France,2024
U-193976256053049096,30-34 ans,M,TRUE,Nouvelle-Aquitaine,2023
U-7860681395809908259,35-39 ans,F,TRUE,Île-de-France,2025
U-4684815837085375097,35-39 ans,Non renseigné,FALSE,Île-de-France,2022
U-2784555975478138599,50-54 ans,F,TRUE,Île-de-France,2023
U1268810558807459701,40-44 ans,Non renseigné,FALSE,Grand Est,2022
U-8611471374737818959,30-34 ans,M,TRUE,Île-de-France,2022
U-7786922198019437638,35-39 ans,F,TRUE,Île-de-France,2025
U9130207251905888306,45-49 ans,M,TRUE,Île-de-France,2024
U814129402641709235,25-29 ans,Non renseigné,FALSE,Île-de-France,2022
U1616814388929411587,40-44 ans,Non renseigné,FALSE,Île-de-France,2022
U-7857184516364221055,30-34 ans,M,TRUE,Île-de-France,2022
U4402801254847804915,50-54 ans,Non renseigné,FALSE,Grand Est,2025
U-259446091233162519,25-29 ans,M,TRUE,Bourgogne-Franche-Comté,2023
U1790271163281888913,30-34 ans,M,TRUE,Île-de-France,2023
U-3010240189587478361,20-24 ans,M,TRUE,Occitanie,2023
U-217685353444108065,35-39 ans,F,TRUE,Occitanie,2022
U-1398568715409251195,40-44 ans,M,TRUE,Île-de-France,2022
U7989366372773327611,35-39 ans,M,TRUE,Provence-Alpes-Côte d'Azur,2024
U-6460954312710918083,40-44 ans,Non renseigné,FALSE,Auvergne-Rhône-Alpes,2022
U9191715915146715807,30-34 ans,M,TRUE,Occitanie,2022
U-5048138603326683765,35-39 ans,Non renseigné,FALSE,Grand Est,2024
U5180805404147447514,25-29 ans,F,TRUE,Île-de-France,2022
U3461743411369637585,30-34 ans,M,TRUE,Occitanie,2024
U8636597020692136100,20-24 ans,M,TRUE,Île-de-France,2025
U2563188938887662324,40-44 ans,F,TRUE,Île-de-France,2025
U3799700737247998914,25-29 ans,M,TRUE,Provence-Alpes-Côte d'Azur,2023
U3616190174572771598,25-29 ans,M,TRUE,Grand Est,2022
U-9023097509663792361,45-49 ans,Non renseigné,FALSE,Centre-Val de Loire,2023
U343534559526806070,25-29 ans,M,TRUE,Bourgogne-Franche-Comté,2023
U-5131466007307855333,30-34 ans,M,TRUE,Hauts-de-France,2025
U-8814567723595641098,30-34 ans,M,TRUE,Pays de la Loire,2023
U-4287657282457250678,30-34 ans,Non renseigné,FALSE,Île-de-France,2022
U1267456849812989242,30-34 ans,M,TRUE,Pays de la Loire,2023
U425868562892843570,30-34 ans,F,TRUE,Île-de-France,2022
U-8556201919016409102,45-49 ans,Non renseigné,FALSE,Île-de-France,2022
U-6592287617259003164,20-24 ans,M,TRUE,Île-de-France,2025
U-1499358648538826870,30-34 ans,F,TRUE,Occitanie,2025
U-8457138558835817735,25-29 ans,M,TRUE,Auvergne-Rhône-Alpes,2022
U3774327681148925233,30-34 ans,Non renseigné,FALSE,Auvergne-Rhône-Alpes,2022
U4201691131634966306,35-39 ans,Non renseigné,FALSE,Bretagne,2023
U5112543161557832140,45-49 ans,F,TRUE,Nouvelle-Aquitaine,2022
U6969030606381242810,30-34 ans,F,TRUE,Île-de-France,2022
U-6695258869107582933,25-29 ans,M,TRUE,Provence-Alpes-Côte d'Azur,2025
U-3867117802958667532,50-54 ans,Non renseigné,FALSE,Auvergne-Rhône-Alpes,2023
U-1153307822344356592,50-54 ans,Non renseigné,FALSE,Nouvelle-Aquitaine,2022
U-6005356397920293104,40-44 ans,Non renseigné,FALSE,Île-de-France,2022
U-7809759177569111425,35-39 ans,M,TRUE,Auvergne-Rhône-Alpes,2022
U7717457234443602383,30-34 ans,F,TRUE,Centre-Val de Loire,2022
U5398295534262928271,30-34 ans,M,TRUE,Pays de la Loire,2025
U-8758101169447557027,35-39 ans,F,TRUE,Auvergne-Rhône-Alpes,2025
U2014664984071526310,25-29 ans,Non renseigné,FALSE,Pays de la Loire,2022
U4481787657333477999,45-49 ans,M,TRUE,Bretagne,2022
U-1211669014899558137,50-54 ans,M,TRUE,Île-de-France,2025
U-3137580769799090157,35-39 ans,M,TRUE,Île-de-France,2022
U1561684509793323858,40-44 ans,M,TRUE,Occitanie,2024
U1861143772986504826,35-39 ans,Non renseigné,FALSE,Île-de-France,2023
U50896521979952555,50-54 ans,F,TRUE,Auvergne-Rhône-Alpes,2025
U1536183898096072902,30-34 ans,F,TRUE,Nouvelle-Aquitaine,2022
U-1808135588768782466,45-49 ans,Non renseigné,FALSE,Île-de-France,2023
U5526427719448389466,25-29 ans,F,TRUE,Île-de-France,2025
U4124851270337412861,20-24 ans,M,TRUE,Bretagne,2024
U3742548279473179773,30-34 ans,M,TRUE,Normandie,2024
U-5148228999325447548,30-34 ans,F,TRUE,Île-de-France,2024
U7331787764556092995,35-39 ans,M,TRUE,Bretagne,2025
U-3168678242931204174,30-34 ans,Non renseigné,FALSE,Centre-Val de Loire,2023
U-6954026867778856852,40-44 ans,Non renseigné,FALSE,Pays de la Loire,2022
U-4559694384398126955,30-34 ans,M,TRUE,Bretagne,2024
U5578368056336158639,40-44 ans,F,TRUE,Île-de-France,2022
U4098644582415029720,25-29 ans,F,TRUE,Auvergne-Rhône-Alpes,2025
U6507580417621326356,30-34 ans,Non renseigné,FALSE,Île-de-France,2022
U7650324312991713528,40-44 ans,Non renseigné,FALSE,Île-de-France,2025
U5130091943569437001,50-54 ans,F,TRUE,Provence-Alpes-Côte d'Azur,2022
U-533876508373078268,40-44 ans,Non renseigné,FALSE,Île-de-France,2023
U-4740335593913048041,40-44 ans,M,TRUE,Île-de-France,2022
U6757847095499403618,50-54 ans,Non renseigné,FALSE,Auvergne-Rhône-Alpes,2023
U6855259133898711664,30-34 ans,M,TRUE,Provence-Alpes-Côte d'Azur,2025
U-1001153210788108279,40-44 ans,M,TRUE,Île-de-France,2022
U-1542722125279590293,30-34 ans,M,TRUE,Provence-Alpes-Côte d'Azur,2024
U430011837533822498,40-44 ans,M,TRUE,Provence-Alpes-Côte d'Azur,2024
U-3324950698583999999,30-34 ans,F,TRUE,Nouvelle-Aquitaine,2023
U-5326852029351617759,30-34 ans,M,TRUE,Normandie,2023
U-1223453123575236732,40-44 ans,Non renseigné,FALSE,Île-de-France,2022
U-6283650056441769695,25-29 ans,Non renseigné,FALSE,Pays de la Loire,2024
U6549354487723817414,40-44 ans,F,TRUE,Normandie,2023
U1548632561018882321,30-34 ans,M,TRUE,Île-de-France,2025
U-1516108165500975963,35-39 ans,Non renseigné,FALSE,Pays de la Loire,2023
U6149253744368717507,25-29 ans,M,TRUE,Centre-Val de Loire,2025
U-4679685343912066229,30-34 ans,M,TRUE,Île-de-France,2023
U49903045925141133,25-29 ans,M,TRUE,Auvergne-Rhône-Alpes,2024
U6164877820521880749,30-34 ans,F,TRUE,Île-de-France,2023
U-2283157318797230603,20-24 ans,M,TRUE,Île-de-France,2025
U-5193405091969141364,40-44 ans,M,TRUE,Île-de-France,2024
U-303976872428451281,40-44 ans,Non renseigné,FALSE,Bretagne,2022
U-2846167303317176020,35-39 ans,Non renseigné,FALSE,Île-de-France,2023
U4522928496723076731,30-34 ans,Non renseigné,FALSE,Nouvelle-Aquitaine,2022
U-2063677451387490931,30-34 ans,Non renseigné,FALSE,Normandie,2022
U7247987196741683313,40-44 ans,Non renseigné,FALSE,Auvergne-Rhône-Alpes,2025
U-5636577450518841370,50-54 ans,M,TRUE,Île-de-France,2023
U-6766741439086355934,25-29 ans,M,TRUE,Île-de-France,2022
U-1587341995277127126,25-29 ans,Non renseigné,FALSE,Bretagne,2023
U-655541054333657351,40-44 ans,Non renseigné,FALSE,Île-de-France,2022
U-8481657198604204116,40-44 ans,F,TRUE,Île-de-France,2022
U-3488880137470464507,25-29 ans,M,TRUE,Île-de-France,2025
U-1477696866708033973,30-34 ans,Non renseigné,FALSE,Île-de-France,2022
U6385219393386292695,35-39 ans,Non renseigné,FALSE,Auvergne-Rhône-Alpes,2022
U-5530012439969146571,35-39 ans,Non renseigné,FALSE,Île-de-France,2022
U-470716247606743363,30-34 ans,F,TRUE,Hauts-de-France,2022
U8442249948582896250,35-39 ans,F,TRUE,Nouvelle-Aquitaine,2024
U7227654364246443744,45-49 ans,F,TRUE,Île-de-France,2022
U-6230463161928839303,30-34 ans,Non renseigné,FALSE,Normandie,2023
U2096769524559833679,30-34 ans,Non renseigné,FALSE,Occitanie,2022
U1866236860143823498,40-44 ans,Non renseigné,FALSE,Bretagne,2022
U-4502431894569732768,30-34 ans,Non renseigné,FALSE,Auvergne-Rhône-Alpes,2023
U-8673868412574456687,40-44 ans,Non renseigné,FALSE,Provence-Alpes-Côte d'Azur,2023
U-1157219349155015415,40-44 ans,M,TRUE,Centre-Val de Loire,2022
U2167050591753810665,35-39 ans,Non renseigné,FALSE,Île-de-France,2022
U6673504248062393371,35-39 ans,F,TRUE,Île-de-France,2024
U1063732582072544612,50-54 ans,Non renseigné,FALSE,Île-de-France,2023
U8592441510459423957,45-49 ans,F,TRUE,Île-de-France,2025
U-2823492719917946240,50-54 ans,M,TRUE,Île-de-France,2023
U-635265931127066930,35-39 ans,M,TRUE,Pays de la Loire,2022
U-7184758524032847414,25-29 ans,M,TRUE,Grand Est,2024
U-4904751602825549772,35-39 ans,F,TRUE,Île-de-France,2025
U7914163223880936067,40-44 ans,Non renseigné,FALSE,Hauts-de-France,2022
U-3134257675214452618,30-34 ans,M,TRUE,Grand Est,2023
U267863906931753026,40-44 ans,F,TRUE,Hauts-de-France,2022
U6828682729996979194,35-39 ans,F,TRUE,Île-de-France,2022
U-6530690660917229568,30-34 ans,Non renseigné,FALSE,Auvergne-Rhône-Alpes,2022
U4290449937623094765,30-34 ans,F,TRUE,Île-de-France,2023
U1647199772168636632,45-49 ans,M,TRUE,Grand Est,2024
U3919270659064688702,30-34 ans,F,TRUE,Île-de-France,2025
U5485366437262434128,40-44 ans,M,TRUE,Île-de-France,2024
U-269574786293492002,25-29 ans,Non renseigné,FALSE,Île-de-France,2022
U563991935885969098,25-29 ans,M,TRUE,Île-de-France,2024
U-3808805644366080268,35-39 ans,M,TRUE,Auvergne-Rhône-Alpes,2022
U6116556124896537762,30-34 ans,Non renseigné,FALSE,Île-de-France,2022
U6780722786779975166,25-29 ans,M,TRUE,Île-de-France,2024
U-850076197121424051,25-29 ans,M,TRUE,Bretagne,2024
U4995948690840353540,35-39 ans,F,TRUE,Hauts-de-France,2022
U-4800974770148938555,35-39 ans,Non renseigné,FALSE,Île-de-France,2024
U-8285588988004836214,25-29 ans,Non renseigné,FALSE,Bretagne,2023
U-7721037290545292343,40-44 ans,M,TRUE,Pays de la Loire,2025
U1780461919448077352,40-44 ans,M,TRUE,Provence-Alpes-Côte d'Azur,2022
U2770337591911694348,25-29 ans,Non renseigné,FALSE,Île-de-France,2023
U-5691751123979061794,35-39 ans,M,TRUE,Occitanie,2024
U7992491285443246431,45-49 ans,Non renseigné,FALSE,Pays de la Loire,2023
U8808137208258301108,40-44 ans,F,TRUE,Île-de-France,2022
U8100797154043519331,40-44 ans,Non renseigné,FALSE,Île-de-France,2023
U3928217237976358897,45-49 ans,F,TRUE,Île-de-France,2024
U-5271589994697180269,25-29 ans,M,TRUE,Auvergne-Rhône-Alpes,2024
U3813236150945270072,30-34 ans,F,TRUE,Île-de-France,2024
U-8217452142498307145,20-24 ans,M,TRUE,Île-de-France,2025
U-4327943153376505750,55-59 ans,M,TRUE,Auvergne-Rhône-Alpes,2025
U7646218283849102591,20-24 ans,M,TRUE,Île-de-France,2025
U1773236220095996028,35-39 ans,M,TRUE,Nouvelle-Aquitaine,2025
U-6699495223530643180,45-49 ans,F,TRUE,Nouvelle-Aquitaine,2023
U-1208165322251346293,25-29 ans,F,TRUE,Centre-Val de Loire,2025
U8723669560371543757,40-44 ans,Non renseigné,FALSE,Île-de-France,2022
U3873070745474444669,30-34 ans,Non renseigné,FALSE,Île-de-France,2023
U5525484613299861537,25-29 ans,M,TRUE,Île-de-France,2023
U-3973122029094978815,35-39 ans,M,TRUE,Pays de la Loire,2022
U-5813133115132164095,40-44 ans,M,TRUE,Île-de-France,2023
U1979358062484235341,25-29 ans,M,TRUE,Île-de-France,2024
U-3055171973344055136,25-29 ans,M,TRUE,Île-de-France,2024
U4672322528098629101,35-39 ans,Non renseigné,FALSE,Île-de-France,2022
U-8041740967711243728,40-44 ans,Non renseigné,FALSE,Grand Est,2022
U-5078053729127020244,40-44 ans,Non renseigné,FALSE,Île-de-France,2022
U2866618572272210771,30-34 ans,M,TRUE,Normandie,2024
U-8446898164016289355,50-54 ans,M,TRUE,Auvergne-Rhône-Alpes,2025
U5839641908820445787,25-29 ans,F,TRUE,Auvergne-Rhône-Alpes,2024
U-8502140266522706902,50-54 ans,F,TRUE,Provence-Alpes-Côte d'Azur,2023
U1563587472551016043,30-34 ans,Non renseigné,FALSE,Auvergne-Rhône-Alpes,2022
U-4380398931594788293,35-39 ans,M,TRUE,Île-de-France,2024
U-7152453975736159005,30-34 ans,M,TRUE,Occitanie,2022
U5722162775686355436,25-29 ans,M,TRUE,Île-de-France,2023
U-271027973423265148,25-29 ans,F,TRUE,Auvergne-Rhône-Alpes,2024
U1068100642706133082,40-44 ans,F,TRUE,Île-de-France,2022
U-2824518987145987392,35-39 ans,F,TRUE,Centre-Val de Loire,2025
U7588356343708904168,35-39 ans,M,TRUE,Occitanie,2022
U2859664268454261987,45-49 ans,M,TRUE,Occitanie,2023
U4067372804127860986,30-34 ans,M,TRUE,Île-de-France,2022
U-3763137684344629653,45-49 ans,F,TRUE,Île-de-France,2024
U-6851114709875550553,45-49 ans,F,TRUE,Île-de-France,2023
U9085279108756455407,50-54 ans,M,TRUE,Île-de-France,2022
U5289325315389549467,25-29 ans,M,TRUE,Île-de-France,2024
U5202765486009418410,45-49 ans,M,TRUE,Pays de la Loire,2025
U-3313082457272022699,45-49 ans,M,TRUE,Île-de-France,2022
U-2255183015814867376,35-39 ans,F,TRUE,Nouvelle-Aquitaine,2022
U-1715701077415264825,30-34 ans,F,TRUE,Auvergne-Rhône-Alpes,2023
U-5622925982500007770,25-29 ans,Non renseigné,FALSE,Grand Est,2022
U2853725251564952234,45-49 ans,M,TRUE,Hauts-de-France,2025
U657807558136604827,45-49 ans,M,TRUE,Île-de-France,2024
U7669630097812008519,45-49 ans,Non renseigné,FALSE,Pays de la Loire,2022
U7207975746894860112,35-39 ans,Non renseigné,FALSE,Grand Est,2022
U8705508607845015011,40-44 ans,F,TRUE,Île-de-France,2023
U7148362168209030485,40-44 ans,M,TRUE,Île-de-France,2022
U1663917019825015902,20-24 ans,F,TRUE,Île-de-France,2025
U3053899879848043998,30-34 ans,M,TRUE,Occitanie,2024
U3342035294488370556,25-29 ans,F,TRUE,Provence-Alpes-Côte d'Azur,2022
U-7462725997175699894,45-49 ans,M,TRUE,Île-de-France,2024
U8310542723545533306,35-39 ans,M,TRUE,Grand Est,2022
U-1858062523593383853,35-39 ans,Non renseigné,FALSE,Hauts-de-France,2022
U592041747503985733,45-49 ans,M,TRUE,Occitanie,2025
U5628194237170439340,25-29 ans,M,TRUE,Île-de-France,2024
U6650336441612878577,25-29 ans,M,TRUE,Île-de-France,2023
U3792670283386165528,50-54 ans,M,TRUE,Normandie,2023
U-2485196574721927545,25-29 ans,Non renseigné,FALSE,Île-de-France,2023
U8557500781438742351,45-49 ans,M,TRUE,Occitanie,2025
U-4520552075493949123,40-44 ans,F,TRUE,Pays de la Loire,2022
U-507163884327988699,35-39 ans,Non renseigné,FALSE,Île-de-France,2022
U8888253595249334820,60 ans ou plus,M,TRUE,Auvergne-Rhône-Alpes,2022
U8959304890731924250,50-54 ans,M,TRUE,Île-de-France,2022
U-6932551618435411581,40-44 ans,F,TRUE,Île-de-France,2022
U-6858527168981799668,45-49 ans,M,TRUE,Île-de-France,2024
U-1060214923239834075,40-44 ans,F,TRUE,Provence-Alpes-Côte d'Azur,2024
U-360560313773617424,25-29 ans,M,TRUE,Île-de-France,2025
U1250315475746265410,30-34 ans,M,TRUE,Île-de-France,2023
U-5875609657985406329,30-34 ans,M,TRUE,Île-de-France,2025
U3287566335437797826,35-39 ans,F,TRUE,Île-de-France,2022
U4371210192244901576,30-34 ans,Non renseigné,FALSE,Grand Est,2023
U-4017183897199389014,40-44 ans,F,TRUE,Île-de-France,2023
U1292233963201856347,40-44 ans,Non renseigné,FALSE,Nouvelle-Aquitaine,2022
U6534627865277990323,25-29 ans,M,TRUE,Île-de-France,2023
U7382725555185424306,40-44 ans,Non renseigné,FALSE,Île-de-France,2023
U-2562257399308439404,20-24 ans,M,TRUE,Pays de la Loire,2024
U-57730032401327994,25-29 ans,M,TRUE,Île-de-France,2024
U-8595651561748021825,30-34 ans,Non renseigné,FALSE,Île-de-France,2023
U4771186762058033578,25-29 ans,M,TRUE,Île-de-France,2022
U-1954461118288915668,30-34 ans,M,TRUE,Centre-Val de Loire,2022
U-1366329661546834525,30-34 ans,Non renseigné,FALSE,Île-de-France,2022
U-5359388588426788742,45-49 ans,Non renseigné,FALSE,Nouvelle-Aquitaine,2022
U367929118297177114,25-29 ans,Non renseigné,FALSE,Pays de la Loire,2022
U8547931573460809970,25-29 ans,M,TRUE,Île-de-France,2025
U3809490086995731682,30-34 ans,M,TRUE,Provence-Alpes-Côte d'Azur,2025
U6544877188385178133,35-39 ans,Non renseigné,FALSE,Occitanie,2022
U-3836806195030643849,50-54 ans,M,TRUE,Provence-Alpes-Côte d'Azur,2025
U-4353050636711995704,30-34 ans,M,TRUE,Bretagne,2024
U8710083587080165598,40-44 ans,F,TRUE,Nouvelle-Aquitaine,2025
U-4422793796645966620,35-39 ans,Non renseigné,FALSE,Occitanie,2022
U1047751221705708289,30-34 ans,F,TRUE,Grand Est,2025
U3540381825600447705,25-29 ans,M,TRUE,Île-de-France,2023
U7165403930785832010,50-54 ans,M,TRUE,Grand Est,2022
U8794026354082507735,35-39 ans,Non renseigné,FALSE,Île-de-France,2024
U-6143927775903182825,35-39 ans,M,TRUE,Bourgogne-Franche-Comté,2024
U-6100594173496300614,40-44 ans,M,TRUE,Île-de-France,2023
U7518364351768441052,30-34 ans,Non renseigné,FALSE,Provence-Alpes-Côte d'Azur,2023
U2955311759695217151,55-59 ans,M,TRUE,Occitanie,2025
U-8441153854621619299,35-39 ans,M,TRUE,Auvergne-Rhône-Alpes,2024
U-4502170721673275827,30-34 ans,M,TRUE,Provence-Alpes-Côte d'Azur,2023
U6613941217837845059,35-39 ans,M,TRUE,Île-de-France,2022
U-3764376122738321579,35-39 ans,Non renseigné,FALSE,Île-de-France,2022
U-3531334406853644839,30-34 ans,F,TRUE,Île-de-France,2024
U7846766579283308578,35-39 ans,M,TRUE,Nouvelle-Aquitaine,2022
U-6749319983756781280,25-29 ans,M,TRUE,Île-de-France,2025
U-6627853010364947541,35-39 ans,M,TRUE,Auvergne-Rhône-Alpes,2023
U6077957264784643476,35-39 ans,M,TRUE,Hauts-de-France,2025
U-7354666410443699366,40-44 ans,M,TRUE,Île-de-France,2024
U5773562268475426665,20-24 ans,M,TRUE,Provence-Alpes-Côte d'Azur,2023
U3749731062394491387,30-34 ans,M,TRUE,Occitanie,2022
U-7195784318481297824,60 ans ou plus,Non renseigné,FALSE,Île-de-France,2022
U-4055347794126949459,30-34 ans,M,TRUE,Île-de-France,2022
U-3960567926295950038,35-39 ans,M,TRUE,Centre-Val de Loire,2024
U-375533237247970447,30-34 ans,Non renseigné,FALSE,Normandie,2023
U-7611325315656066517,40-44 ans,F,TRUE,Île-de-France,2022
U-6252678767228710306,35-39 ans,F,TRUE,Île-de-France,2022
U3329152070770448510,20-24 ans,M,TRUE,Bourgogne-Franche-Comté,2024
U-3523981388172716996,60 ans ou plus,M,TRUE,Île-de-France,2023
U-5100353441237321117,30-34 ans,M,TRUE,Île-de-France,2024
U-160081096099914643,30-34 ans,F,TRUE,Île-de-France,2025
U-1359232276983872907,30-34 ans,Non renseigné,FALSE,Île-de-France,2023
U-976909668058579038,40-44 ans,M,TRUE,Occitanie,2022
U4309105691734440755,25-29 ans,M,TRUE,Île-de-France,2025
U-1156373360633841009,25-29 ans,M,TRUE,Hauts-de-France,2023
U2243188649946686709,30-34 ans,Non renseigné,FALSE,Île-de-France,2025
U-4358537703660771153,25-29 ans,F,TRUE,Île-de-France,2022
U4346439621401990409,30-34 ans,M,TRUE,Nouvelle-Aquitaine,2022
U5452242171161775841,25-29 ans,M,TRUE,Île-de-France,2025
U6479812966158569645,30-34 ans,Non renseigné,FALSE,Île-de-France,2022
U9174751379408749041,35-39 ans,M,TRUE,Île-de-France,2024
U-8339740842560573898,35-39 ans,F,TRUE,Île-de-France,2025
U-455306651076830636,30-34 ans,M,TRUE,Île-de-France,2022
U1934920248057698707,40-44 ans,Non renseigné,FALSE,Île-de-France,2023
U4535268551719639341,40-44 ans,M,TRUE,Occitanie,2024
U-5362263885613710801,55-59 ans,M,TRUE,Nouvelle-Aquitaine,2025
U-1627217420019617402,25-29 ans,M,TRUE,Centre-Val de Loire,2025
U2742521301629161216,30-34 ans,M,TRUE,Hauts-de-France,2025
U1530230093608987531,40-44 ans,M,TRUE,Île-de-France,2022
U5438929595190475023,30-34 ans,Non renseigné,FALSE,Auvergne-Rhône-Alpes,2022
U-182917769639387957,35-39 ans,M,TRUE,Provence-Alpes-Côte d'Azur,2025
U597895357790450900,30-34 ans,F,TRUE,Île-de-France,2023
U-5363387144658002314,30-34 ans,M,TRUE,Île-de-France,2023
U2765759342798523185,35-39 ans,Non renseigné,FALSE,Provence-Alpes-Côte d'Azur,2022
U-1517439370423716991,30-34 ans,Non renseigné,FALSE,Auvergne-Rhône-Alpes,2022
U4467492368864865180,40-44 ans,F,TRUE,Hauts-de-France,2025
U1442531774024505487,35-39 ans,M,TRUE,Occitanie,2025
U-1744436085408246761,45-49 ans,F,TRUE,Bretagne,2025
U6373735094294673265,30-34 ans,Non renseigné,FALSE,Grand Est,2022
U-2189544302680214505,40-44 ans,M,TRUE,Île-de-France,2023
U-4642204380059526060,30-34 ans,M,TRUE,Centre-Val de Loire,2024
U6566671222253980748,25-29 ans,M,TRUE,Île-de-France,2023
U-1511400449102846110,30-34 ans,M,TRUE,Nouvelle-Aquitaine,2023
U2041290881763912997,35-39 ans,Non renseigné,FALSE,Occitanie,2022
U3382047353077286983,35-39 ans,M,TRUE,Auvergne-Rhône-Alpes,2022
U4531514103335659576,25-29 ans,Non renseigné,FALSE,Île-de-France,2023
U-1941948577791273320,30-34 ans,M,TRUE,Hauts-de-France,2022
U-2980844311050195784,20-24 ans,F,TRUE,Nouvelle-Aquitaine,2024
U-2161326886731491741,25-29 ans,Non renseigné,FALSE,Auvergne-Rhône-Alpes,2022
U-7244480977594866773,60 ans ou plus,M,TRUE,Île-de-France,2022
U307703561783653375,55-59 ans,M,TRUE,Hauts-de-France,2024
U-7566292141302354511,30-34 ans,M,TRUE,Nouvelle-Aquitaine,2022
U3460167841881404572,20-24 ans,M,TRUE,Île-de-France,2025
U-6461697866345276186,40-44 ans,M,TRUE,Hauts-de-France,2025
U-7907247109165964800,20-24 ans,M,TRUE,Occitanie,2025
U-6429064621774397262,25-29 ans,Non renseigné,FALSE,Auvergne-Rhône-Alpes,2022
U-2253852847302470878,25-29 ans,Non renseigné,FALSE,Nouvelle-Aquitaine,2022
U1287360178447893909,30-34 ans,F,TRUE,Occitanie,2022
U3450825885016612766,35-39 ans,F,TRUE,Île-de-France,2024
U-3229975839174030874,30-34 ans,M,TRUE,Île-de-France,2024
U-4296024127891060735,50-54 ans,M,TRUE,Île-de-France,2022
U8525786282271296688,30-34 ans,F,TRUE,Île-de-France,2023
U5708937225350601267,35-39 ans,M,TRUE,Île-de-France,2023
U-6938693649333155336,30-34 ans,F,TRUE,Île-de-France,2024
U-6532728721731898291,25-29 ans,M,TRUE,DROM,2025
U7281565044209100022,40-44 ans,M,TRUE,Île-de-France,2025
U-2801677953422440722,30-34 ans,F,TRUE,Île-de-France,2024
U956043934911994945,45-49 ans,Non renseigné,FALSE,Île-de-France,2023
U3550512134390914637,25-29 ans,M,TRUE,Occitanie,2024
U3493463724111332688,25-29 ans,M,TRUE,Île-de-France,2025
U-5715304427937206562,45-49 ans,F,TRUE,Auvergne-Rhône-Alpes,2024
U7614100846747885798,30-34 ans,M,TRUE,Occitanie,2024
U-4095945839293059192,35-39 ans,Non renseigné,FALSE,Île-de-France,2022
U-5272895812915704213,25-29 ans,Non renseigné,FALSE,Île-de-France,2022
U-8669481579238564791,25-29 ans,F,TRUE,Île-de-France,2025
U-3843340438721471529,50-54 ans,Non renseigné,FALSE,Grand Est,2025
U6976332045730738792,30-34 ans,M,TRUE,Grand Est,2022
U5457785188489423975,30-34 ans,F,TRUE,Île-de-France,2023
U-8177247764564851037,60 ans ou plus,M,TRUE,Île-de-France,2022
U-1323438453115396366,25-29 ans,M,TRUE,Nouvelle-Aquitaine,2025
U1005721581034506032,50-54 ans,F,TRUE,Centre-Val de Loire,2025
U306530713208993115,25-29 ans,F,TRUE,Île-de-France,2024
U-8235765922852826203,35-39 ans,M,TRUE,Île-de-France,2024
U-8509426857989297567,30-34 ans,Non renseigné,FALSE,Île-de-France,2022
U-6840885663635955697,45-49 ans,Non renseigné,FALSE,Île-de-France,2023
U90330231872021078,40-44 ans,F,TRUE,Provence-Alpes-Côte d'Azur,2022
U3101936169404592878,50-54 ans,Non renseigné,FALSE,Île-de-France,2022
U2403588585099423332,25-29 ans,M,TRUE,Île-de-France,2025
U-8956996140389241359,25-29 ans,M,TRUE,Hauts-de-France,2024
U-3655181650870703707,30-34 ans,Non renseigné,FALSE,Auvergne-Rhône-Alpes,2025
U-5125153029518253480,25-29 ans,M,TRUE,Occitanie,2022
U5489290867798870900,40-44 ans,M,TRUE,Occitanie,2023
U7866455647445795338,20-24 ans,M,TRUE,Hauts-de-France,2024
U-334522978294787643,20-24 ans,F,TRUE,Île-de-France,2025
U878986500346708094,30-34 ans,M,TRUE,Île-de-France,2025
U-6990085675660043297,35-39 ans,Non renseigné,FALSE,Bourgogne-Franche-Comté,2022
U5658427761849886433,30-34 ans,F,TRUE,Île-de-France,2023
U-1603714860089687527,35-39 ans,M,TRUE,Normandie,2023
U2332197962867075580,35-39 ans,F,TRUE,Île-de-France,2025
U-8914384569911959164,30-34 ans,Non renseigné,FALSE,Auvergne-Rhône-Alpes,2022
U-364033716299146522,20-24 ans,M,TRUE,Hauts-de-France,2024
U-2227482795136931554,30-34 ans,M,TRUE,Auvergne-Rhône-Alpes,2025
U-3171392997860562650,35-39 ans,Non renseigné,FALSE,Nouvelle-Aquitaine,2023
U123955794690941040,25-29 ans,Non renseigné,FALSE,Occitanie,2022
U7999727408353278003,35-39 ans,M,TRUE,Hauts-de-France,2024
U1957897239007940192,25-29 ans,M,TRUE,Bretagne,2024
U-6043578587681229040,25-29 ans,M,TRUE,Île-de-France,2024
U813478555273869225,30-34 ans,M,TRUE,Nouvelle-Aquitaine,2023
U-7678036773919736389,40-44 ans,F,TRUE,Île-de-France,2022
U5124970346623893317,25-29 ans,Non renseigné,FALSE,Pays de la Loire,2024
U2214576758054055599,50-54 ans,Non renseigné,FALSE,Île-de-France,2023
U6082084846008361853,45-49 ans,M,TRUE,Île-de-France,2022
U-6132307038715375357,25-29 ans,F,TRUE,Pays de la Loire,2022
U-3668804361189399839,25-29 ans,Non renseigné,FALSE,Île-de-France,2022
U-8386107796659115586,30-34 ans,M,TRUE,Bourgogne-Franche-Comté,2025
U-7816032447177216803,35-39 ans,Non renseigné,FALSE,Île-de-France,2022
U-243397052713281341,25-29 ans,M,TRUE,Île-de-France,2022
U2725457357726203741,50-54 ans,F,TRUE,Île-de-France,2024
U437613285573805637,25-29 ans,M,TRUE,Hauts-de-France,2025
U-2171719169356673115,60 ans ou plus,Non renseigné,FALSE,Centre-Val de Loire,2022
U-2524190759307175775,30-34 ans,F,TRUE,Hauts-de-France,2025
U2858886217433262515,35-39 ans,Non renseigné,FALSE,Île-de-France,2023
U-1937712488027903908,35-39 ans,F,TRUE,Provence-Alpes-Côte d'Azur,2025
U2092718214693143530,60 ans ou plus,F,TRUE,Auvergne-Rhône-Alpes,2022
U-8785683429399314502,25-29 ans,F,TRUE,Île-de-France,2023
U7563543609708510459,35-39 ans,Non renseigné,FALSE,Hauts-de-France,2024
U3828943458147079840,25-29 ans,M,TRUE,Grand Est,2024
U-2378060621787582661,45-49 ans,M,TRUE,DROM,2022
U-7328456940094384819,45-49 ans,F,TRUE,Île-de-France,2023
U-1526209835336865410,30-34 ans,F,TRUE,Île-de-France,2025
U-2116496437753321760,25-29 ans,Non renseigné,FALSE,Île-de-France,2022
U-6092436774199868031,35-39 ans,M,TRUE,Occitanie,2025
U-131600485562644451,30-34 ans,Non renseigné,FALSE,Occitanie,2023
U-830173284103052131,30-34 ans,F,TRUE,Île-de-France,2023
U-812619847543444062,35-39 ans,Non renseigné,FALSE,Provence-Alpes-Côte d'Azur,2022
U-4326659550829945159,45-49 ans,M,TRUE,Île-de-France,2022
U-6827518654863234882,30-34 ans,F,TRUE,Provence-Alpes-Côte d'Azur,2024
U-5853618928983950017,35-39 ans,F,TRUE,Île-de-France,2023
U8002992055612003743,35-39 ans,M,TRUE,Provence-Alpes-Côte d'Azur,2025
U-2107345433346844592,25-29 ans,F,TRUE,Île-de-France,2024
U-1612646173517896778,30-34 ans,F,TRUE,Île-de-France,2022
U2361089402535234664,40-44 ans,M,TRUE,Provence-Alpes-Côte d'Azur,2025
U7781221104227646994,25-29 ans,M,TRUE,Occitanie,2022
U-6955496116347652021,30-34 ans,F,TRUE,Auvergne-Rhône-Alpes,2023
U-5641147526915306705,35-39 ans,Non renseigné,FALSE,Nouvelle-Aquitaine,2022
U6202065441897516732,30-34 ans,M,TRUE,Pays de la Loire,2025
U135538581711404385,40-44 ans,Non renseigné,FALSE,Île-de-France,2022
U4842453512235494297,40-44 ans,Non renseigné,FALSE,Île-de-France,2023
U8483962633175637328,30-34 ans,F,TRUE,Bourgogne-Franche-Comté,2023
U-7661420279943478684,40-44 ans,M,TRUE,Grand Est,2022
U5576602418094230285,40-44 ans,M,TRUE,Pays de la Loire,2024
U-918553521184156329,45-49 ans,M,TRUE,Île-de-France,2022
U2829786578626134451,45-49 ans,F,TRUE,Île-de-France,2022
U-7770003939768359443,45-49 ans,M,TRUE,Normandie,2022
U6773432409559760876,25-29 ans,M,TRUE,Île-de-France,2025
U-8534565187110205076,50-54 ans,Non renseigné,FALSE,Hauts-de-France,2025
U8555473411900256803,35-39 ans,Non renseigné,FALSE,Île-de-France,2024
U1827288101616296086,50-54 ans,Non renseigné,FALSE,Île-de-France,2025
U5240317638036209367,25-29 ans,M,TRUE,Bourgogne-Franche-Comté,2024
U3646580708890616693,35-39 ans,Non renseigné,FALSE,Île-de-France,2023
U-3621063002902619680,35-39 ans,M,TRUE,Île-de-France,2025
U-297492663796932056,25-29 ans,F,TRUE,Hauts-de-France,2025
U6087071392177059211,35-39 ans,F,TRUE,Normandie,2024
U4641849997077310991,40-44 ans,Non renseigné,FALSE,Île-de-France,2022
U5946287620294282088,35-39 ans,Non renseigné,FALSE,Île-de-France,2022
U-5939702697151873142,30-34 ans,Non renseigné,FALSE,Bourgogne-Franche-Comté,2022
U-6528319416960517899,35-39 ans,M,TRUE,Île-de-France,2022
U-7091106720930207305,30-34 ans,M,TRUE,Nouvelle-Aquitaine,2025
U7259036437696527157,20-24 ans,M,TRUE,Hauts-de-France,2024
U-3283849527024705953,30-34 ans,M,TRUE,Île-de-France,2022
U7299314885477669456,45-49 ans,F,TRUE,Île-de-France,2025
U8888446542913921745,30-34 ans,M,TRUE,Île-de-France,2024
U-3270108990719415514,30-34 ans,Non renseigné,FALSE,Île-de-France,2022
U-5145047372792941283,40-44 ans,F,TRUE,Île-de-France,2025
U-576160020816787954,35-39 ans,F,TRUE,Île-de-France,2025
U5239375253479126651,35-39 ans,M,TRUE,Occitanie,2022
U-5046322753415760816,30-34 ans,F,TRUE,Hauts-de-France,2023
U-7792914612817497065,40-44 ans,Non renseigné,FALSE,Auvergne-Rhône-Alpes,2023
U6591456133027463689,35-39 ans,Non renseigné,FALSE,Hauts-de-France,2024
U4250501751317107818,50-54 ans,Non renseigné,FALSE,Île-de-France,2023
U6231123430215499260,40-44 ans,M,TRUE,Bourgogne-Franche-Comté,2024
U4686799447455560958,30-34 ans,F,TRUE,Île-de-France,2025
U-9119071759396821352,35-39 ans,F,TRUE,Normandie,2024
U-4148830357035952061,30-34 ans,Non renseigné,FALSE,Île-de-France,2023
U-3956306123055760376,35-39 ans,Non renseigné,FALSE,Grand Est,2024
U7630528255928858605,40-44 ans,M,TRUE,Grand Est,2022
U-6477127456789751048,30-34 ans,Non renseigné,FALSE,Île-de-France,2023
U4527221824109758537,40-44 ans,M,TRUE,Hauts-de-France,2023
U-9060640735348585831,35-39 ans,Non renseigné,FALSE,Grand Est,2024
U5004316144285155789,45-49 ans,M,TRUE,Hauts-de-France,2022
U1626733339141395573,30-34 ans,Non renseigné,FALSE,Centre-Val de Loire,2022
U8121897031950755405,45-49 ans,Non renseigné,FALSE,Grand Est,2024
U-6238001079782058507,25-29 ans,M,TRUE,Pays de la Loire,2023
U2721883601710101374,30-34 ans,M,TRUE,Île-de-France,2025
U-5981929190594652719,45-49 ans,F,TRUE,Île-de-France,2022
U-600668926549893488,30-34 ans,Non renseigné,FALSE,Occitanie,2022
U7727707528451170809,25-29 ans,F,TRUE,Île-de-France,2023
U-7741357904441489629,35-39 ans,F,TRUE,Île-de-France,2023
U7839849739574755354,25-29 ans,M,TRUE,Île-de-France,2024
U-2687087689182648544,30-34 ans,M,TRUE,Île-de-France,2022
U-5676035142768472706,30-34 ans,Non renseigné,FALSE,Île-de-France,2023
U-7714496972984436356,35-39 ans,F,TRUE,Île-de-France,2025
U-6232434241598905085,25-29 ans,M,TRUE,Île-de-France,2023
U-2922495765346126999,40-44 ans,M,TRUE,Auvergne-Rhône-Alpes,2025
U-8386997829806349417,40-44 ans,F,TRUE,Nouvelle-Aquitaine,2024
U-3047724729309094121,35-39 ans,M,TRUE,Occitanie,2022
U4156891045204293982,45-49 ans,Non renseigné,FALSE,Île-de-France,2022
U-1653505911920907845,25-29 ans,M,TRUE,Occitanie,2025
U6776943619263708775,25-29 ans,Non renseigné,FALSE,Hauts-de-France,2022
U-2471553815775664438,25-29 ans,M,TRUE,Occitanie,2024
U-6951873897623358361,25-29 ans,Non renseigné,FALSE,Île-de-France,2022
U3637303287618603466,45-49 ans,M,TRUE,Île-de-France,2024
U-5004157951543507836,45-49 ans,M,TRUE,Île-de-France,2023
U-6361987611095327678,25-29 ans,M,TRUE,Île-de-France,2023
U7214441011763049487,30-34 ans,M,TRUE,Île-de-France,2022
U-4562468247749099234,30-34 ans,Non renseigné,FALSE,Île-de-France,2023
U-3545546870083383142,30-34 ans,M,TRUE,Nouvelle-Aquitaine,2022
U-7983250911942637787,25-29 ans,Non renseigné,FALSE,Île-de-France,2022
U8756063647689842932,25-29 ans,F,TRUE,Centre-Val de Loire,2025
U4649147845836634172,35-39 ans,Non renseigné,FALSE,Auvergne-Rhône-Alpes,2023
U-7493506051924441942,50-54 ans,Non renseigné,FALSE,Île-de-France,2023
U3308519494098168116,35-39 ans,M,TRUE,Hauts-de-France,2024
U5476332914087947832,25-29 ans,Non renseigné,FALSE,Île-de-France,2025
U-112080869962478805,30-34 ans,Non renseigné,FALSE,Auvergne-Rhône-Alpes,2022
U2417461907762007832,30-34 ans,M,TRUE,Pays de la Loire,2024
U366126791700809666,25-29 ans,Non renseigné,FALSE,Grand Est,2022
U607607402236847110,35-39 ans,M,TRUE,Provence-Alpes-Côte d'Azur,2025
U-2242707715375930997,35-39 ans,M,TRUE,Île-de-France,2024
U6366196817637575136,35-39 ans,Non renseigné,FALSE,Occitanie,2022
U-8995107682902989398,25-29 ans,Non renseigné,FALSE,Île-de-France,2023
U4244065857669825607,30-34 ans,M,TRUE,Auvergne-Rhône-Alpes,2025
U4395934914891429859,30-34 ans,M,TRUE,Île-de-France,2022
U-6184054009075498990,40-44 ans,F,TRUE,Nouvelle-Aquitaine,2022
U-8458763126207722854,30-34 ans,F,TRUE,Nouvelle-Aquitaine,2025
U-9079964536967551707,45-49 ans,F,TRUE,Île-de-France,2024
U-8789499372435577075,35-39 ans,M,TRUE,Île-de-France,2023
U-942501014786276670,25-29 ans,Non renseigné,FALSE,Auvergne-Rhône-Alpes,2022
U-8557414479765797556,35-39 ans,Non renseigné,FALSE,Occitanie,2022
U3817568649800075121,35-39 ans,F,TRUE,Grand Est,2025
U8980978424306304927,30-34 ans,M,TRUE,Île-de-France,2022
U1786970856864605677,25-29 ans,F,TRUE,Île-de-France,2024
U6635508027318224626,35-39 ans,M,TRUE,Île-de-France,2024
U-2225480328324379759,55-59 ans,Non renseigné,FALSE,Grand Est,2022
U-2071543161520826862,55-59 ans,F,TRUE,Grand Est,2022
U-6019400485619591724,25-29 ans,F,TRUE,Occitanie,2025
U3844815067625252798,35-39 ans,M,TRUE,Île-de-France,2023
U5373441494093939328,30-34 ans,Non renseigné,FALSE,Pays de la Loire,2024
U4934796691734468405,30-34 ans,F,TRUE,Île-de-France,2023
U-2299312801918851725,50-54 ans,M,TRUE,Île-de-France,2025
U-3155474823040832595,25-29 ans,M,TRUE,Auvergne-Rhône-Alpes,2024
U5083072410970861106,20-24 ans,F,TRUE,Île-de-France,2025
U-5360565794121983162,35-39 ans,M,TRUE,Provence-Alpes-Côte d'Azur,2024
U-8644537306456189207,30-34 ans,F,TRUE,Île-de-France,2024
U-663950163765519867,20-24 ans,M,TRUE,Hauts-de-France,2025
U1685183712158512506,25-29 ans,F,TRUE,Île-de-France,2025
U2193888475866841949,50-54 ans,Non renseigné,FALSE,Nouvelle-Aquitaine,2023
U-3266126604479516856,45-49 ans,M,TRUE,Hauts-de-France,2024
U694154966534118438,35-39 ans,M,TRUE,Grand Est,2025
U6380069088623805945,35-39 ans,Non renseigné,FALSE,Nouvelle-Aquitaine,2025
U8799210006420336363,35-39 ans,M,TRUE,Grand Est,2025
U2347435726142980259,25-29 ans,M,TRUE,Île-de-France,2025
U8420415455188374649,25-29 ans,Non renseigné,FALSE,Occitanie,2024
U-6978403214780015034,25-29 ans,M,TRUE,Occitanie,2024
U4646034883166258245,35-39 ans,M,TRUE,Île-de-France,2022
U-7011776782844407661,30-34 ans,M,TRUE,Île-de-France,2023
U1666166769267559444,50-54 ans,F,TRUE,Nouvelle-Aquitaine,2025
U-118156465894368289,45-49 ans,F,TRUE,Île-de-France,2024
U5299598891439862258,35-39 ans,Non renseigné,FALSE,Île-de-France,2022
U989682504899244241,60 ans ou plus,Non renseigné,FALSE,Île-de-France,2023
U5992307152906303231,30-34 ans,Non renseigné,FALSE,Île-de-France,2022
U-7540612336845370840,40-44 ans,F,TRUE,Provence-Alpes-Côte d'Azur,2025
U-5039273015139736301,30-34 ans,F,TRUE,Provence-Alpes-Côte d'Azur,2025
U2396681766893219430,35-39 ans,M,TRUE,Île-de-France,2022
U6682699035080164256,50-54 ans,M,TRUE,Île-de-France,2025
U3703902684009044615,20-24 ans,F,TRUE,Nouvelle-Aquitaine,2024
U8521002534253929679,35-39 ans,Non renseigné,FALSE,Île-de-France,2023
U-7452029244864383652,35-39 ans,M,TRUE,Hauts-de-France,2025
U-59329576086061698,25-29 ans,Non renseigné,FALSE,Île-de-France,2022
U945892995648028490,25-29 ans,Non renseigné,FALSE,Île-de-France,2022
U991580038991759376,30-34 ans,Non renseigné,FALSE,Auvergne-Rhône-Alpes,2022
U669508274966817857,30-34 ans,M,TRUE,Auvergne-Rhône-Alpes,2023
U275079163309289312,20-24 ans,M,TRUE,Île-de-France,2025
U-5711445584628809991,35-39 ans,F,TRUE,Île-de-France,2024
U3802561975953400241,35-39 ans,M,TRUE,Auvergne-Rhône-Alpes,2025
U-6255004480253811039,45-49 ans,Non renseigné,FALSE,Provence-Alpes-Côte d'Azur,2022
U-1325903460437064657,30-34 ans,M,TRUE,Nouvelle-Aquitaine,2024
U-2763021761423102286,40-44 ans,F,TRUE,Centre-Val de Loire,2025
U846217588529172532,35-39 ans,Non renseigné,FALSE,Île-de-France,2022
U1687771290239430413,30-34 ans,M,TRUE,Hauts-de-France,2023
U-5368253914630986071,35-39 ans,M,TRUE,Occitanie,2022
U-3300597734680818686,40-44 ans,Non renseigné,FALSE,Île-de-France,2023
U6949965773968321678,35-39 ans,M,TRUE,Occitanie,2025
U-4103308094710326562,20-24 ans,Non renseigné,FALSE,DROM,2023
U2553011101346134636,30-34 ans,Non renseigné,FALSE,Île-de-France,2022
U-3370317212989831843,25-29 ans,M,TRUE,Île-de-France,2025
U-1277168575315367095,25-29 ans,M,TRUE,Auvergne-Rhône-Alpes,2022
U7126387734445585735,35-39 ans,F,TRUE,Bourgogne-Franche-Comté,2022
U-7591043133686541849,35-39 ans,M,TRUE,Île-de-France,2023
U-1863584643756508445,30-34 ans,F,TRUE,Bretagne,2024
U6595350690901341821,35-39 ans,M,TRUE,Provence-Alpes-Côte d'Azur,2024
U-4277123189478226885,20-24 ans,M,TRUE,Grand Est,2025
U3378518449669039802,30-34 ans,M,TRUE,Île-de-France,2024
U-4675095599174495319,30-34 ans,M,TRUE,Occitanie,2025
U-645475681817093140,40-44 ans,F,TRUE,Centre-Val de Loire,2025
U-3764019508121320263,25-29 ans,M,TRUE,Hauts-de-France,2024
U-8618520366917758169,55-59 ans,M,TRUE,Provence-Alpes-Côte d'Azur,2024
U5395997548057672650,25-29 ans,M,TRUE,Auvergne-Rhône-Alpes,2025
U8017073128541714869,45-49 ans,F,TRUE,Île-de-France,2024
U-5525159786183155323,40-44 ans,Non renseigné,FALSE,Provence-Alpes-Côte d'Azur,2022
U2487277578341540795,40-44 ans,M,TRUE,Auvergne-Rhône-Alpes,2024
U-2205401432060080902,30-34 ans,F,TRUE,Pays de la Loire,2024
U-1411968975656422729,40-44 ans,M,TRUE,Île-de-France,2023
U-8007518178161584553,25-29 ans,M,TRUE,Occitanie,2025
U-5330712987605294328,30-34 ans,Non renseigné,FALSE,Île-de-France,2023
U-8357384496996281288,40-44 ans,Non renseigné,FALSE,Occitanie,2022
U-6191626375264529147,30-34 ans,Non renseigné,FALSE,Nouvelle-Aquitaine,2023
U5965815296142375568,30-34 ans,M,TRUE,Île-de-France,2025
U-7430179233342812515,40-44 ans,F,TRUE,Auvergne-Rhône-Alpes,2023
U-4943393781293891952,35-39 ans,M,TRUE,Île-de-France,2023
U-8512265531710006440,30-34 ans,F,TRUE,Centre-Val de Loire,2025
U-4542892170711888846,45-49 ans,Non renseigné,FALSE,Hauts-de-France,2022
U-5673359322462154101,35-39 ans,M,TRUE,Île-de-France,2023
U3710445612266418495,50-54 ans,Non renseigné,FALSE,Île-de-France,2023
U-2883632111230490356,35-39 ans,M,TRUE,Île-de-France,2024
U-2934473230885899424,25-29 ans,M,TRUE,Île-de-France,2022
U-2605948343460451997,25-29 ans,Non renseigné,FALSE,Hauts-de-France,2023
U-4671392970431457288,25-29 ans,F,TRUE,Hauts-de-France,2023
U-3737420488936249608,35-39 ans,M,TRUE,Nouvelle-Aquitaine,2023
U8605410400654581408,25-29 ans,M,TRUE,Occitanie,2024
U3348958923003913638,60 ans ou plus,M,TRUE,Île-de-France,2022
U-6068259757341880039,35-39 ans,F,TRUE,Île-de-France,2024
U-3095594747238924890,30-34 ans,M,TRUE,Centre-Val de Loire,2024
U-740242171720320658,35-39 ans,F,TRUE,Île-de-France,2025
U-1968689222148277787,30-34 ans,Non renseigné,FALSE,Auvergne-Rhône-Alpes,2023
U5892305225961236929,25-29 ans,M,TRUE,Hauts-de-France,2025
U7663259766646104961,25-29 ans,M,TRUE,Île-de-France,2023
U-4886574516575235897,35-39 ans,Non renseigné,FALSE,Auvergne-Rhône-Alpes,2022
U-6124762647735709511,45-49 ans,Non renseigné,FALSE,Île-de-France,2024
U5252486246120315416,50-54 ans,M,TRUE,Centre-Val de Loire,2024
U-7664552436784206081,55-59 ans,M,TRUE,Bourgogne-Franche-Comté,2023
U7228144416731571358,45-49 ans,M,TRUE,Île-de-France,2025
U2956285968847024451,25-29 ans,M,TRUE,Île-de-France,2023
U6955370556693565276,30-34 ans,Non renseigné,FALSE,Occitanie,2023
U-6366014690199742556,25-29 ans,M,TRUE,Île-de-France,2024
U-7433622811784521324,60 ans ou plus,M,TRUE,Île-de-France,2025
U-1728177735659535262,30-34 ans,Non renseigné,FALSE,Provence-Alpes-Côte d'Azur,2022
U-6674057737648782280,30-34 ans,Non renseigné,FALSE,Auvergne-Rhône-Alpes,2022
U6606733587669329301,30-34 ans,Non renseigné,FALSE,Grand Est,2023
U-5921054515303517845,35-39 ans,M,TRUE,Auvergne-Rhône-Alpes,2025
U1377934216938769477,40-44 ans,F,TRUE,Île-de-France,2023
U1074610401691979297,35-39 ans,M,TRUE,Île-de-France,2025
U-1995609563585700787,55-59 ans,Non renseigné,FALSE,Île-de-France,2023
U-2350659248541412631,35-39 ans,M,TRUE,Centre-Val de Loire,2022
U-311071353026619897,20-24 ans,M,TRUE,Auvergne-Rhône-Alpes,2022
U-1485935602672411617,35-39 ans,Non renseigné,FALSE,Île-de-France,2022
U-2331693052507949892,45-49 ans,M,TRUE,Île-de-France,2022
U1677663290177742833,25-29 ans,Non renseigné,FALSE,Pays de la Loire,2022
U-1499346072516110706,45-49 ans,M,TRUE,Bourgogne-Franche-Comté,2022
U7864056851823414966,25-29 ans,F,TRUE,Île-de-France,2024
U-3386773649458095721,35-39 ans,Non renseigné,FALSE,Occitanie,2022
U-498511731301762604,25-29 ans,F,TRUE,Nouvelle-Aquitaine,2024
U-6200825900873722002,35-39 ans,M,TRUE,Grand Est,2024
U4493051209997102568,40-44 ans,F,TRUE,Île-de-France,2022
U6344835071574128041,40-44 ans,Non renseigné,FALSE,Grand Est,2022
U-3933587625814128390,40-44 ans,M,TRUE,Auvergne-Rhône-Alpes,2025
U-630769171710347345,25-29 ans,F,TRUE,Île-de-France,2025
U-182231646961407529,35-39 ans,F,TRUE,Île-de-France,2024
U-885259506093251183,55-59 ans,M,TRUE,Bretagne,2024
U-2310240082143119744,25-29 ans,Non renseigné,FALSE,Provence-Alpes-Côte d'Azur,2023
U-2751613337203555250,35-39 ans,F,TRUE,Île-de-France,2025
U-7197705318523516514,45-49 ans,M,TRUE,Provence-Alpes-Côte d'Azur,2025
U4551184220175491090,35-39 ans,M,TRUE,DROM,2025
U-4429233502997490433,30-34 ans,F,TRUE,Île-de-France,2025
U8769029190133874265,20-24 ans,M,TRUE,Île-de-France,2024
U7407544198819880908,30-34 ans,F,TRUE,Occitanie,2024
U-7571796914563539739,20-24 ans,F,TRUE,Normandie,2023
U-6199360743349103414,30-34 ans,F,TRUE,Auvergne-Rhône-Alpes,2022
U-3605388486466317921,30-34 ans,M,TRUE,Normandie,2024
U5155762069817418287,25-29 ans,Non renseigné,FALSE,Auvergne-Rhône-Alpes,2022
U-4226608761479192671,50-54 ans,M,TRUE,Pays de la Loire,2023
U-1749675145861390251,30-34 ans,F,TRUE,Île-de-France,2022
U-1028578736061593018,30-34 ans,M,TRUE,Normandie,2022
U-766988683074330347,45-49 ans,F,TRUE,Île-de-France,2023
U-1806678617362449011,50-54 ans,Non renseigné,FALSE,Île-de-France,2025
U1610363477325620943,25-29 ans,Non renseigné,FALSE,Occitanie,2022
U-864934988400967024,30-34 ans,F,TRUE,Hauts-de-France,2023
U141483565801232874,40-44 ans,M,TRUE,Normandie,2025
U-4547956847776518171,30-34 ans,F,TRUE,Hauts-de-France,2023
U1306062758166503112,35-39 ans,Non renseigné,FALSE,Île-de-France,2022
U-4823863902542729451,50-54 ans,Non renseigné,FALSE,Île-de-France,2022
U7797710761545142956,25-29 ans,F,TRUE,Île-de-France,2023
U-6996408802311805450,35-39 ans,Non renseigné,FALSE,Île-de-France,2022
U-6099765203395820694,35-39 ans,Non renseigné,FALSE,Auvergne-Rhône-Alpes,2022
U6203833453737493739,50-54 ans,M,TRUE,Île-de-France,2023
U-1731183914208335858,25-29 ans,M,TRUE,Normandie,2024
U-1944853621330612592,25-29 ans,M,TRUE,Hauts-de-France,2024
U281847773620262237,25-29 ans,M,TRUE,Occitanie,2022
U5797024072226587207,25-29 ans,M,TRUE,Île-de-France,2025
U-4156966887962805916,30-34 ans,Non renseigné,FALSE,Bourgogne-Franche-Comté,2022
U589627548800051828,30-34 ans,Non renseigné,FALSE,Île-de-France,2022
U-7719741723490301186,25-29 ans,M,TRUE,Auvergne-Rhône-Alpes,2025
U-534957709419894818,20-24 ans,M,TRUE,Hauts-de-France,2025
U5226702401420346162,55-59 ans,M,TRUE,Occitanie,2022
U6490412811566100084,45-49 ans,M,TRUE,Provence-Alpes-Côte d'Azur,2024
U7657752745897928910,25-29 ans,Non renseigné,FALSE,Île-de-France,2022
U559911666246849899,45-49 ans,M,TRUE,Auvergne-Rhône-Alpes,2024
U73801179798898422,40-44 ans,Non renseigné,FALSE,Île-de-France,2024
U-2202762334552792729,30-34 ans,F,TRUE,Occitanie,2023
U-6775292352075552265,20-24 ans,M,TRUE,Auvergne-Rhône-Alpes,2025
U-1974648284805525085,30-34 ans,Non renseigné,FALSE,Île-de-France,2024
U-2250064704431599786,20-24 ans,M,TRUE,Bourgogne-Franche-Comté,2024
U-4184234485146367891,25-29 ans,F,TRUE,Île-de-France,2025
U6494338587144827017,20-24 ans,F,TRUE,Hauts-de-France,2023
U1338041086985204851,55-59 ans,F,TRUE,Nouvelle-Aquitaine,2025
U2939776206390841556,55-59 ans,Non renseigné,FALSE,Île-de-France,2022
U3448189679298975090,20-24 ans,M,TRUE,Île-de-France,2025
U-5051616050766070827,55-59 ans,M,TRUE,Auvergne-Rhône-Alpes,2022
U-4458001783541096668,20-24 ans,M,TRUE,Île-de-France,2024
U-40833167778118262,30-34 ans,Non renseigné,FALSE,Provence-Alpes-Côte d'Azur,2022
U-5672346335875316047,35-39 ans,M,TRUE,Occitanie,2025
U-1987752061013245975,20-24 ans,F,TRUE,Île-de-France,2023
U3622446930595286686,30-34 ans,M,TRUE,Île-de-France,2023
U2341309469991950506,35-39 ans,M,TRUE,Île-de-France,2023
U-6897216034926863919,30-34 ans,M,TRUE,Bourgogne-Franche-Comté,2024
U-6153355056602761976,35-39 ans,Non renseigné,FALSE,Île-de-France,2022
U-111277952985305309,30-34 ans,M,TRUE,Auvergne-Rhône-Alpes,2022
U8085781596114969035,45-49 ans,F,TRUE,Pays de la Loire,2025
U-7079538703747880580,25-29 ans,M,TRUE,Île-de-France,2022
U-6104267091345993481,30-34 ans,Non renseigné,FALSE,Île-de-France,2022
U-6800937033019393342,35-39 ans,F,TRUE,Hauts-de-France,2022
U7468845510255072866,25-29 ans,M,TRUE,Auvergne-Rhône-Alpes,2025
U2403301997332974207,25-29 ans,M,TRUE,Grand Est,2024
U7459181739678431276,35-39 ans,F,TRUE,Île-de-France,2025
U-3947262116333822985,40-44 ans,Non renseigné,FALSE,Île-de-France,2022
U7862800904366789883,25-29 ans,F,TRUE,Île-de-France,2022
U236975306127419244,25-29 ans,F,TRUE,Pays de la Loire,2023
U-6986177563138641636,30-34 ans,Non renseigné,FALSE,Nouvelle-Aquitaine,2022
U1011116161508091189,20-24 ans,M,TRUE,Île-de-France,2024
U1238594633917505699,25-29 ans,M,TRUE,Nouvelle-Aquitaine,2023
U4786929808470221186,25-29 ans,F,TRUE,Île-de-France,2024
U4837391039051273476,20-24 ans,M,TRUE,Bourgogne-Franche-Comté,2025
U16751545302649975,40-44 ans,Non renseigné,FALSE,Île-de-France,2023
U-3569616945523180836,30-34 ans,M,TRUE,Île-de-France,2025
U434140274776810769,30-34 ans,Non renseigné,FALSE,Île-de-France,2022
U1742809481540914299,25-29 ans,Non renseigné,FALSE,Île-de-France,2022
U-4405172067503911643,35-39 ans,M,TRUE,Provence-Alpes-Côte d'Azur,2025
U3745759264276588618,25-29 ans,M,TRUE,Île-de-France,2023
U-7584161457846831018,55-59 ans,M,TRUE,Île-de-France,2025
U74189397575247197,35-39 ans,M,TRUE,Auvergne-Rhône-Alpes,2024
U4184265698801063728,25-29 ans,F,TRUE,Île-de-France,2024
U1830173198937043072,30-34 ans,M,TRUE,Île-de-France,2024
U6911340048900117757,35-39 ans,M,TRUE,Grand Est,2023
U1358220784724474056,35-39 ans,Non renseigné,FALSE,Occitanie,2024
U3972357465165582841,25-29 ans,F,TRUE,Île-de-France,2024
U875763339988182685,55-59 ans,F,TRUE,Occitanie,2023
U7913289708569872509,25-29 ans,F,TRUE,Île-de-France,2025
U2803038824163269426,45-49 ans,M,TRUE,Provence-Alpes-Côte d'Azur,2025
U-4742826856266722977,25-29 ans,Non renseigné,FALSE,Île-de-France,2023
U3122571264358397584,35-39 ans,M,TRUE,Centre-Val de Loire,2025
U5517292637768060758,30-34 ans,Non renseigné,FALSE,Île-de-France,2022
U5827968674418525802,30-34 ans,M,TRUE,Occitanie,2024
U6207378058407893764,20-24 ans,F,TRUE,Auvergne-Rhône-Alpes,2025
U-1660530870815153538,25-29 ans,Non renseigné,FALSE,Île-de-France,2022
U-63137882723431393,45-49 ans,Non renseigné,FALSE,Occitanie,2025
U2330149241470920416,25-29 ans,Non renseigné,FALSE,Île-de-France,2023
U-6034202047493987773,40-44 ans,Non renseigné,FALSE,Provence-Alpes-Côte d'Azur,2022
U9003742046310678822,30-34 ans,Non renseigné,FALSE,Île-de-France,2022
U-6132663517573583227,45-49 ans,M,TRUE,Île-de-France,2022
U4782032601290451241,30-34 ans,Non renseigné,FALSE,Provence-Alpes-Côte d'Azur,2022
U4121629058597778649,35-39 ans,F,TRUE,Île-de-France,2022
U7996477702381232192,35-39 ans,M,TRUE,Île-de-France,2024
U3750743847610734878,45-49 ans,F,TRUE,Île-de-France,2023
U8402628386333891775,55-59 ans,M,TRUE,Nouvelle-Aquitaine,2025
U5636739095886897684,20-24 ans,M,TRUE,Occitanie,2025
U3718571631662412933,25-29 ans,Non renseigné,FALSE,Occitanie,2024
U6212621728678243852,55-59 ans,M,TRUE,Nouvelle-Aquitaine,2022
U1199254639666885751,30-34 ans,M,TRUE,Normandie,2022
U-2756962529066292754,25-29 ans,M,TRUE,Nouvelle-Aquitaine,2022
U242055704793766334,25-29 ans,M,TRUE,Île-de-France,2022
U-8543186213659398556,40-44 ans,M,TRUE,Île-de-France,2024
U1227379220143499872,40-44 ans,F,TRUE,Île-de-France,2025
U-6133445260693582208,30-34 ans,F,TRUE,Auvergne-Rhône-Alpes,2023
U-1264588744957680962,25-29 ans,M,TRUE,Île-de-France,2024
U-7599622565048161797,25-29 ans,M,TRUE,Île-de-France,2023
U-532770676519001133,35-39 ans,M,TRUE,Île-de-France,2022
U6548620508111645827,50-54 ans,M,TRUE,Centre-Val de Loire,2025
U-742776768715652168,25-29 ans,M,TRUE,Provence-Alpes-Côte d'Azur,2023
U-6483521435882319841,35-39 ans,F,TRUE,Île-de-France,2025
U669199071281529554,30-34 ans,M,TRUE,Bretagne,2022
U7821918551373493500,30-34 ans,F,TRUE,Provence-Alpes-Côte d'Azur,2025
U1816443976722185449,50-54 ans,M,TRUE,Île-de-France,2025
U-6732423614964420532,40-44 ans,F,TRUE,Île-de-France,2023
U1193942101988835004,25-29 ans,Non renseigné,FALSE,Occitanie,2023
U-9095777643172653087,25-29 ans,Non renseigné,FALSE,Île-de-France,2025
U2685444645239661732,35-39 ans,M,TRUE,Île-de-France,2022
U-3967757415599585764,40-44 ans,F,TRUE,Bretagne,2025
U4951460138498265891,30-34 ans,Non renseigné,FALSE,Occitanie,2022
U-8747983800268221696,25-29 ans,F,TRUE,Île-de-France,2025
U-5924808997874569823,55-59 ans,Non renseigné,FALSE,Île-de-France,2022
U-32891246653233428,35-39 ans,F,TRUE,Grand Est,2023
U6677192004018674408,45-49 ans,M,TRUE,Auvergne-Rhône-Alpes,2024
U499866418732659154,25-29 ans,Non renseigné,FALSE,Nouvelle-Aquitaine,2023
U6939222138208218802,25-29 ans,F,TRUE,Grand Est,2025
U-804247968697462530,35-39 ans,F,TRUE,Hauts-de-France,2024
U2064479205132113650,25-29 ans,F,TRUE,Hauts-de-France,2024
U-7665787680472357980,35-39 ans,F,TRUE,Île-de-France,2023
U7510480716382625621,35-39 ans,F,TRUE,Auvergne-Rhône-Alpes,2022
U1488090755513108491,20-24 ans,F,TRUE,Île-de-France,2025
U-7424728007156972322,25-29 ans,M,TRUE,Île-de-France,2023
U-8317494110280693370,30-34 ans,Non renseigné,FALSE,Île-de-France,2024
U-379131842641086144,30-34 ans,M,TRUE,Provence-Alpes-Côte d'Azur,2022
U-2686371676128136499,35-39 ans,M,TRUE,Île-de-France,2023
U2957144577515601069,25-29 ans,M,TRUE,Auvergne-Rhône-Alpes,2024
U-7670551885787849205,30-34 ans,F,TRUE,Île-de-France,2022
U828900640264836788,30-34 ans,M,TRUE,Île-de-France,2025
U-1093533386691472003,40-44 ans,M,TRUE,Hauts-de-France,2022
U2578043473741004408,50-54 ans,M,TRUE,Normandie,2025
U-8921326782570491072,30-34 ans,M,TRUE,Île-de-France,2025
U5157322150701460572,25-29 ans,F,TRUE,Île-de-France,2025
U5951194953347807306,35-39 ans,M,TRUE,Île-de-France,2022
U-5474515401421857775,30-34 ans,Non renseigné,FALSE,Pays de la Loire,2022
U-559796781492665022,45-49 ans,M,TRUE,Île-de-France,2022
U2093331288087417241,40-44 ans,M,TRUE,Île-de-France,2023
U-4698793238245243009,25-29 ans,M,TRUE,Île-de-France,2024
U-900296118912820199,30-34 ans,M,TRUE,Occitanie,2025
U-2667680730592464526,25-29 ans,M,TRUE,Auvergne-Rhône-Alpes,2024
U-3129990931551746185,25-29 ans,M,TRUE,Grand Est,2022
U-7125298229098323304,40-44 ans,F,TRUE,Provence-Alpes-Côte d'Azur,2022
U-218082530813278389,40-44 ans,M,TRUE,Île-de-France,2025
U-7188912151082762286,30-34 ans,M,TRUE,DROM,2025
U-1802102964342005687,30-34 ans,Non renseigné,FALSE,Centre-Val de Loire,2022
U4087014102231388990,40-44 ans,M,TRUE,Centre-Val de Loire,2024
U6043050082253295786,30-34 ans,Non renseigné,FALSE,Provence-Alpes-Côte d'Azur,2023
U-2896956064708796374,25-29 ans,M,TRUE,Île-de-France,2025
U1377050827161071918,30-34 ans,M,TRUE,Grand Est,2024
U3395124673865914436,55-59 ans,M,TRUE,Île-de-France,2022
U809203871308411077,30-34 ans,Non renseigné,FALSE,Île-de-France,2023
U4026318901077087396,30-34 ans,M,TRUE,Bourgogne-Franche-Comté,2022
U4624902447469464616,60 ans ou plus,M,TRUE,Hauts-de-France,2022
U8566328438521959005,35-39 ans,F,TRUE,Provence-Alpes-Côte d'Azur,2025
U-6773351958088188051,35-39 ans,Non renseigné,FALSE,Île-de-France,2023
U-1425983737827176164,25-29 ans,Non renseigné,FALSE,Provence-Alpes-Côte d'Azur,2022
U6014222638593391843,25-29 ans,M,TRUE,Île-de-France,2025
U-7800051756878707831,55-59 ans,M,TRUE,Grand Est,2022
U-8367381162239590076,40-44 ans,M,TRUE,Hauts-de-France,2025
U457423001323492543,30-34 ans,M,TRUE,Île-de-France,2025
U4674581889609100420,40-44 ans,Non renseigné,FALSE,Île-de-France,2022
U-1678199065157955738,35-39 ans,M,TRUE,Île-de-France,2023
U5337020782690825,30-34 ans,M,TRUE,Auvergne-Rhône-Alpes,2025
U8138638521844431138,45-49 ans,F,TRUE,Île-de-France,2023
U-8127001248329189097,50-54 ans,F,TRUE,Auvergne-Rhône-Alpes,2022
U972655733640611188,35-39 ans,F,TRUE,Île-de-France,2024
U3915197751383964730,35-39 ans,M,TRUE,Centre-Val de Loire,2022
U8145988545827073964,45-49 ans,Non renseigné,FALSE,Auvergne-Rhône-Alpes,2023
U-8455127420208705858,35-39 ans,M,TRUE,Île-de-France,2023
U-814157242647736408,50-54 ans,Non renseigné,FALSE,Nouvelle-Aquitaine,2023
U396948753836747849,30-34 ans,M,TRUE,Île-de-France,2024
U8696715021941616256,40-44 ans,Non renseigné,FALSE,Nouvelle-Aquitaine,2022
U2228730676779830490,30-34 ans,M,TRUE,Île-de-France,2022
U-8812853560095650670,25-29 ans,M,TRUE,Auvergne-Rhône-Alpes,2024
U3859718288796628852,25-29 ans,F,TRUE,Bretagne,2024
U-926774691727196764,30-34 ans,M,TRUE,Auvergne-Rhône-Alpes,2025
U8135423081282774118,20-24 ans,M,TRUE,Hauts-de-France,2024
U5943170355275049935,30-34 ans,M,TRUE,Normandie,2025
U2283689554533578902,25-29 ans,M,TRUE,Île-de-France,2025
U7795588645851387372,30-34 ans,Non renseigné,FALSE,Auvergne-Rhône-Alpes,2022
U1084747982582672352,45-49 ans,Non renseigné,FALSE,Île-de-France,2022
U-5648902756414235348,20-24 ans,M,TRUE,Normandie,2024
U-8239484255387818503,30-34 ans,M,TRUE,Île-de-France,2025
U3538314873756840549,50-54 ans,F,TRUE,Grand Est,2024
U-3710472891938787116,30-34 ans,M,TRUE,Île-de-France,2023
U-6087717495917598479,30-34 ans,Non renseigné,FALSE,Nouvelle-Aquitaine,2023
U6275047607291686763,30-34 ans,F,TRUE,Île-de-France,2023
U692674470025102494,40-44 ans,Non renseigné,FALSE,Hauts-de-France,2022
U-1119820227237234049,25-29 ans,Non renseigné,FALSE,Île-de-France,2023
U5477625601425636469,50-54 ans,M,TRUE,Hauts-de-France,2022
U-303921732280036589,45-49 ans,Non renseigné,FALSE,Nouvelle-Aquitaine,2023
U1866761218559576301,35-39 ans,M,TRUE,Île-de-France,2025
U7360666462936665726,50-54 ans,M,TRUE,Provence-Alpes-Côte d'Azur,2024
U-1276635138761807736,30-34 ans,Non renseigné,FALSE,Pays de la Loire,2025
U6253444411710221268,60 ans ou plus,F,TRUE,Bretagne,2025
U5097030920108750929,25-29 ans,Non renseigné,FALSE,Île-de-France,2023
U-9216511299325511428,30-34 ans,Non renseigné,FALSE,Île-de-France,2025
U-5348386177871057943,25-29 ans,M,TRUE,Hauts-de-France,2025
U9017143445421329104,20-24 ans,M,TRUE,Grand Est,2024
U4171580274843002587,55-59 ans,M,TRUE,Pays de la Loire,2022
U-6102983999505319249,30-34 ans,Non renseigné,FALSE,Occitanie,2022
U-4885767812316761458,60 ans ou plus,Non renseigné,FALSE,Île-de-France,2023
U-4941042939694076478,40-44 ans,Non renseigné,FALSE,Occitanie,2023
U-8936586752860713592,35-39 ans,M,TRUE,Île-de-France,2025
U3976077707668108582,30-34 ans,M,TRUE,Île-de-France,2023
U7376286229781724948,30-34 ans,M,TRUE,Auvergne-Rhône-Alpes,2023
U-7331255144175940628,40-44 ans,F,TRUE,Pays de la Loire,2022
U-1157942681491095056,30-34 ans,M,TRUE,Occitanie,2022
U-70827397342266950,25-29 ans,M,TRUE,Grand Est,2025
U-2478140460963937345,35-39 ans,M,TRUE,Île-de-France,2022
U143090978754078058,50-54 ans,M,TRUE,Nouvelle-Aquitaine,2024
U-7224460925948083681,55-59 ans,Non renseigné,FALSE,Île-de-France,2022
U8772735688206061069,25-29 ans,M,TRUE,Île-de-France,2024
U-1840630665122845226,25-29 ans,M,TRUE,Île-de-France,2022
U-341546480713961135,30-34 ans,F,TRUE,Pays de la Loire,2025
U2024708008824664357,40-44 ans,M,TRUE,Nouvelle-Aquitaine,2022
U8022668842919605326,35-39 ans,Non renseigné,FALSE,Île-de-France,2022
U6862641211026155897,30-34 ans,Non renseigné,FALSE,Nouvelle-Aquitaine,2023
U1061250456744126583,45-49 ans,Non renseigné,FALSE,Grand Est,2025
U-5204238230496098047,40-44 ans,M,TRUE,Centre-Val de Loire,2024
U6087382215116380954,30-34 ans,M,TRUE,Centre-Val de Loire,2022
U-8553485048888139885,25-29 ans,M,TRUE,Île-de-France,2025
U2487307029953586347,30-34 ans,M,TRUE,Île-de-France,2025
U-6971870505619501582,35-39 ans,Non renseigné,FALSE,Grand Est,2022
U-4053180287404399859,45-49 ans,M,TRUE,Auvergne-Rhône-Alpes,2025
U4990029141940703599,35-39 ans,Non renseigné,FALSE,Île-de-France,2022
U-3859845256938889787,20-24 ans,F,TRUE,Grand Est,2024
U7530089858793538565,30-34 ans,F,TRUE,Île-de-France,2025
U-6214824786182506454,25-29 ans,Non renseigné,FALSE,Île-de-France,2023
U6910152963637816957,25-29 ans,Non renseigné,FALSE,Île-de-France,2022
U3365124968667030210,30-34 ans,Non renseigné,FALSE,Grand Est,2023
U-5091073236101911695,30-34 ans,M,TRUE,Hauts-de-France,2022
U-8048029922543758628,35-39 ans,F,TRUE,Île-de-France,2025
U1133211760267917508,35-39 ans,Non renseigné,FALSE,Île-de-France,2022
U5439720165683617222,45-49 ans,M,TRUE,Île-de-France,2022
U-4044669598816041875,40-44 ans,M,TRUE,Occitanie,2023
U-6105603694632105601,25-29 ans,Non renseigné,FALSE,Nouvelle-Aquitaine,2025
U-1018120238781722094,35-39 ans,M,TRUE,Île-de-France,2024
U6372116207790476959,20-24 ans,Non renseigné,FALSE,Hauts-de-France,2022
U5831065652258389535,45-49 ans,M,TRUE,Provence-Alpes-Côte d'Azur,2022
U-4273349270433169284,25-29 ans,M,TRUE,Île-de-France,2023
U-4203206284604456115,45-49 ans,M,TRUE,Île-de-France,2023
U5512857916018101157,55-59 ans,M,TRUE,Bretagne,2025
U7456945929439727952,25-29 ans,F,TRUE,Hauts-de-France,2023
U-1891311118723747951,25-29 ans,M,TRUE,Provence-Alpes-Côte d'Azur,2025
U8040597732315411097,35-39 ans,M,TRUE,Occitanie,2022
U-5502335074556452441,30-34 ans,F,TRUE,Auvergne-Rhône-Alpes,2022
U-8609885195056164525,30-34 ans,Non renseigné,FALSE,Grand Est,2022
U-9211769151780353304,55-59 ans,M,TRUE,Pays de la Loire,2024
U-6215190672251639755,20-24 ans,M,TRUE,Nouvelle-Aquitaine,2024
U-6714632524530339741,40-44 ans,M,TRUE,Île-de-France,2022
U8810322477765067814,30-34 ans,Non renseigné,FALSE,Normandie,2022
U-1736376631165220135,30-34 ans,Non renseigné,FALSE,Île-de-France,2022
U-3649737873123780303,40-44 ans,Non renseigné,FALSE,Île-de-France,2022
U-2792916173381227575,35-39 ans,F,TRUE,Île-de-France,2022
U2754531434992091588,55-59 ans,M,TRUE,Île-de-France,2022
U-6516114553841326752,30-34 ans,M,TRUE,Centre-Val de Loire,2024
U-7311222666520816205,35-39 ans,M,TRUE,Île-de-France,2025
U6588167599252096267,30-34 ans,F,TRUE,Île-de-France,2025
U-3331317474656506433,45-49 ans,M,TRUE,Centre-Val de Loire,2023
U5738227952758258232,35-39 ans,Non renseigné,FALSE,Île-de-France,2022
U-7923257616750143680,35-39 ans,F,TRUE,Île-de-France,2025
U-6113343483464204112,25-29 ans,M,TRUE,Île-de-France,2023
U7378927310458068775,35-39 ans,M,TRUE,DROM,2025
U-842865698969427018,50-54 ans,M,TRUE,Auvergne-Rhône-Alpes,2022
U4079321199006794765,30-34 ans,M,TRUE,Grand Est,2025
U1976791410710243315,25-29 ans,F,TRUE,Île-de-France,2022
U224349841197591160,35-39 ans,M,TRUE,Île-de-France,2023
U-1642071575128739159,30-34 ans,M,TRUE,Grand Est,2025
U-1221327706473117162,35-39 ans,M,TRUE,Île-de-France,2025
U-6580503095800912013,45-49 ans,M,TRUE,Île-de-France,2025
U5449701813220920009,30-34 ans,Non renseigné,FALSE,Île-de-France,2022
U4743610128686864192,55-59 ans,M,TRUE,Nouvelle-Aquitaine,2024
U3805174991602604141,40-44 ans,M,TRUE,Île-de-France,2023
U3377283825747433173,30-34 ans,Non renseigné,FALSE,Normandie,2022
U3786710052028110564,30-34 ans,M,TRUE,Nouvelle-Aquitaine,2024
U2316149844470580764,35-39 ans,Non renseigné,FALSE,Auvergne-Rhône-Alpes,2022
U-7245742601391946563,35-39 ans,F,TRUE,Hauts-de-France,2022
U-9213081524520142062,45-49 ans,Non renseigné,FALSE,Nouvelle-Aquitaine,2025
U2044054710528393967,40-44 ans,M,TRUE,Île-de-France,2025
U7560653113299272071,50-54 ans,F,TRUE,Normandie,2025
U5531424948156253612,40-44 ans,F,TRUE,Île-de-France,2022
U-5763884561183806609,25-29 ans,M,TRUE,Île-de-France,2023
U-2786761077479710477,35-39 ans,F,TRUE,Île-de-France,2023
U-7820478823221654729,35-39 ans,M,TRUE,Hauts-de-France,2025
U3627658303353896218,40-44 ans,F,TRUE,Île-de-France,2025
U8063044027070764196,20-24 ans,M,TRUE,Bretagne,2024
U1268025043921651135,35-39 ans,F,TRUE,Grand Est,2024
U-4039938100440352727,35-39 ans,M,TRUE,Hauts-de-France,2024
U-1758988489113840886,30-34 ans,F,TRUE,Île-de-France,2024
U6049876559117831437,25-29 ans,Non renseigné,FALSE,Île-de-France,2023
U-5085999140823426035,30-34 ans,Non renseigné,FALSE,Île-de-France,2022
U-6229521300690366491,30-34 ans,F,TRUE,Île-de-France,2023
U9124031171597834649,20-24 ans,F,TRUE,Auvergne-Rhône-Alpes,2025
U-6615477944253865544,30-34 ans,M,TRUE,Île-de-France,2022
U-7423861427733343342,20-24 ans,M,TRUE,Bourgogne-Franche-Comté,2024
U1544683339981887117,60 ans ou plus,M,TRUE,Grand Est,2022
U-8526201180971528260,30-34 ans,M,TRUE,Occitanie,2023
U-3488645700264766953,40-44 ans,M,TRUE,Auvergne-Rhône-Alpes,2025
U-7823703814236780143,25-29 ans,F,TRUE,Île-de-France,2023
U-3421743679214318375,30-34 ans,M,TRUE,Île-de-France,2023
U-7087073019874191277,25-29 ans,F,TRUE,Occitanie,2024
U6364584975429837190,35-39 ans,Non renseigné,FALSE,Île-de-France,2023
U6448580708671788207,30-34 ans,M,TRUE,Île-de-France,2022
U-3938348459239262549,50-54 ans,F,TRUE,Normandie,2023
U23080878286866502,50-54 ans,Non renseigné,FALSE,Île-de-France,2023
U4594844724625530388,35-39 ans,M,TRUE,Île-de-France,2023
U3087213649934979544,30-34 ans,F,TRUE,Île-de-France,2023
U396378859717393442,40-44 ans,M,TRUE,Bretagne,2024
U-4456074011542536228,30-34 ans,M,TRUE,Île-de-France,2022
U-6755328472867187105,25-29 ans,M,TRUE,Pays de la Loire,2024
U2256247477247302158,35-39 ans,F,TRUE,Hauts-de-France,2023
U4654040073344472513,40-44 ans,Non renseigné,FALSE,Île-de-France,2022
U2051224707677044744,25-29 ans,M,TRUE,Pays de la Loire,2022
U-4417970704241696706,20-24 ans,M,TRUE,Provence-Alpes-Côte d'Azur,2025
U-1724400131549334019,30-34 ans,M,TRUE,Occitanie,2023
U4584487970479755217,35-39 ans,F,TRUE,Île-de-France,2022
U-4207826290469472677,35-39 ans,Non renseigné,FALSE,Auvergne-Rhône-Alpes,2022
U1825786819681751170,25-29 ans,Non renseigné,FALSE,Centre-Val de Loire,2023
U652294403978608067,25-29 ans,M,TRUE,Auvergne-Rhône-Alpes,2025
U177795368105335821,25-29 ans,M,TRUE,Auvergne-Rhône-Alpes,2022
U-8346911181352446928,55-59 ans,F,TRUE,Île-de-France,2022
U-6996514066364156334,25-29 ans,F,TRUE,Centre-Val de Loire,2024
U-8657265460354941364,25-29 ans,F,TRUE,Île-de-France,2023
U-2057129777115252477,45-49 ans,M,TRUE,Provence-Alpes-Côte d'Azur,2024
U-1915423221008159473,30-34 ans,F,TRUE,Bretagne,2025
U8008699782938126472,60 ans ou plus,M,TRUE,Île-de-France,2022
U6164498630732072916,25-29 ans,F,TRUE,Île-de-France,2023
U-9053940748033892731,20-24 ans,M,TRUE,Île-de-France,2025
U-7397081624694326890,30-34 ans,F,TRUE,Occitanie,2022
U-3760936949008595112,35-39 ans,F,TRUE,Île-de-France,2023
U-2519899401351980776,30-34 ans,M,TRUE,Auvergne-Rhône-Alpes,2024
U5234097783209339940,40-44 ans,M,TRUE,Auvergne-Rhône-Alpes,2025
U9111591400528949185,25-29 ans,Non renseigné,FALSE,Île-de-France,2022
U8679471685726267033,35-39 ans,Non renseigné,FALSE,Provence-Alpes-Côte d'Azur,2023
U4313433254135745818,60 ans ou plus,F,TRUE,Île-de-France,2022
U8268344202307143074,20-24 ans,Non renseigné,FALSE,Île-de-France,2022
U-4219292172526665121,40-44 ans,M,TRUE,Auvergne-Rhône-Alpes,2022
U3914542144935982644,45-49 ans,F,TRUE,Île-de-France,2022
U-2392919150893550722,40-44 ans,M,TRUE,Normandie,2023
U8061370779454398816,35-39 ans,Non renseigné,FALSE,Auvergne-Rhône-Alpes,2022
U7817925701213159963,25-29 ans,Non renseigné,FALSE,Île-de-France,2022
U-3479178238587853775,25-29 ans,M,TRUE,Provence-Alpes-Côte d'Azur,2023
U1764546715832952511,25-29 ans,M,TRUE,Nouvelle-Aquitaine,2024
U-8318194854951923368,25-29 ans,M,TRUE,Auvergne-Rhône-Alpes,2024
U-7883830519323788043,35-39 ans,M,TRUE,Île-de-France,2024
U-3540655237123590846,40-44 ans,Non renseigné,FALSE,DROM,2022
U1233130940895680866,25-29 ans,M,TRUE,Île-de-France,2022
U-6220839898186213468,30-34 ans,M,TRUE,DROM,2022
U-1491299591288873147,35-39 ans,M,TRUE,Hauts-de-France,2023
U-8906722395764532181,25-29 ans,Non renseigné,FALSE,Grand Est,2023
U-7641002183996234641,40-44 ans,M,TRUE,Île-de-France,2024
U8384729859957237412,40-44 ans,F,TRUE,Nouvelle-Aquitaine,2022
U-756785755856325460,30-34 ans,M,TRUE,Île-de-France,2023
U3890100357553950823,45-49 ans,M,TRUE,Grand Est,2024
U5143127974724343254,35-39 ans,Non renseigné,FALSE,Île-de-France,2022
U4314470457506884020,40-44 ans,F,TRUE,Île-de-France,2023
U8456136922571354421,40-44 ans,Non renseigné,FALSE,Auvergne-Rhône-Alpes,2022
U5933579559280462647,35-39 ans,Non renseigné,FALSE,Normandie,2023
U6548542742585519995,25-29 ans,Non renseigné,FALSE,Île-de-France,2025
U7813723938655715123,35-39 ans,F,TRUE,Île-de-France,2025
U-6414394546753077380,35-39 ans,F,TRUE,Grand Est,2022
U-1700300903382220591,25-29 ans,Non renseigné,FALSE,Île-de-France,2023
U-7329714876139599073,35-39 ans,F,TRUE,Grand Est,2025
U4328034063352659263,30-34 ans,M,TRUE,Auvergne-Rhône-Alpes,2025
U7710790539018820920,30-34 ans,F,TRUE,Île-de-France,2024
U7988129529753648026,35-39 ans,M,TRUE,Île-de-France,2022
U-4560560102792455449,25-29 ans,F,TRUE,Île-de-France,2024
U-8463486207860051362,25-29 ans,M,TRUE,Grand Est,2023
U4640625547186477494,30-34 ans,Non renseigné,FALSE,Grand Est,2022
U-5103393422292506114,25-29 ans,M,TRUE,Île-de-France,2024
U3607179680056744858,30-34 ans,Non renseigné,FALSE,Bretagne,2024
U7446529727933980142,30-34 ans,Non renseigné,FALSE,Occitanie,2022
U-7307629542832523538,25-29 ans,M,TRUE,Île-de-France,2024
U905221840599987051,30-34 ans,Non renseigné,FALSE,Occitanie,2022
U-7749261335363826259,50-54 ans,M,TRUE,Île-de-France,2022
U-2770749535107228763,30-34 ans,Non renseigné,FALSE,Île-de-France,2022
U6956538112049922091,30-34 ans,F,TRUE,Île-de-France,2024
U8525945551612857827,25-29 ans,Non renseigné,FALSE,Normandie,2022
U-4676732692926280632,40-44 ans,M,TRUE,Bretagne,2025
U4107891849782500145,35-39 ans,F,TRUE,Île-de-France,2024
U-8286267888701370257,40-44 ans,Non renseigné,FALSE,Nouvelle-Aquitaine,2023
U140827899965393413,25-29 ans,M,TRUE,Île-de-France,2023
U3368182560553243653,30-34 ans,M,TRUE,Occitanie,2025
U-5646282265664932115,25-29 ans,F,TRUE,Île-de-France,2025
U8987681231590607705,35-39 ans,F,TRUE,Nouvelle-Aquitaine,2024
U-330961894109821656,45-49 ans,M,TRUE,Île-de-France,2025
U7374524130216975339,35-39 ans,M,TRUE,Île-de-France,2024
U-6415772099745659293,35-39 ans,Non renseigné,FALSE,Centre-Val de Loire,2022
U1840491094127653518,25-29 ans,M,TRUE,Centre-Val de Loire,2023
U5746522256520132458,50-54 ans,F,TRUE,Grand Est,2025
U-608090083378419991,30-34 ans,M,TRUE,Hauts-de-France,2025
U-1715835566847899409,40-44 ans,M,TRUE,Île-de-France,2023
U4720403156249417923,50-54 ans,F,TRUE,Normandie,2022
U-4361372349383068585,25-29 ans,Non renseigné,FALSE,Île-de-France,2023
U3276443546383754125,45-49 ans,M,TRUE,Île-de-France,2025
U-3810884977610750534,50-54 ans,M,TRUE,Île-de-France,2025
U-6536392351422895834,30-34 ans,Non renseigné,FALSE,Île-de-France,2023
U8997443567961123733,30-34 ans,F,TRUE,Île-de-France,2025
U8651106692906883409,25-29 ans,M,TRUE,Hauts-de-France,2024
U-6738834620065676682,35-39 ans,M,TRUE,Grand Est,2024
U-5107360182971599568,40-44 ans,F,TRUE,Occitanie,2022
U-4664909871812953149,55-59 ans,M,TRUE,Provence-Alpes-Côte d'Azur,2023
U4881680624273421552,25-29 ans,M,TRUE,Occitanie,2022
U7572534748243840193,40-44 ans,M,TRUE,Pays de la Loire,2025
U7508051979599467107,30-34 ans,F,TRUE,Provence-Alpes-Côte d'Azur,2025
U-4139702516901216667,35-39 ans,M,TRUE,Grand Est,2025
U1672019052355928825,30-34 ans,M,TRUE,Bretagne,2022
U1432779916284365915,30-34 ans,M,TRUE,Île-de-France,2025
U-1084725500870725903,40-44 ans,M,TRUE,Auvergne-Rhône-Alpes,2023
U9100090837035670460,20-24 ans,M,TRUE,Provence-Alpes-Côte d'Azur,2025
U-7465703016155098851,25-29 ans,Non renseigné,FALSE,Auvergne-Rhône-Alpes,2022
U-8247094978203000541,35-39 ans,M,TRUE,Bretagne,2025
U-7327781661632296608,25-29 ans,Non renseigné,FALSE,Nouvelle-Aquitaine,2022
U6465538372745169825,35-39 ans,F,TRUE,Île-de-France,2023
U-4347914510660023148,40-44 ans,Non renseigné,FALSE,Île-de-France,2023
U-8369579830697067298,40-44 ans,F,TRUE,Île-de-France,2022
U7306019351161365100,30-34 ans,M,TRUE,Hauts-de-France,2025
U4262346602999545852,30-34 ans,Non renseigné,FALSE,Hauts-de-France,2022
U1105157186070736217,25-29 ans,M,TRUE,Occitanie,2022
U8000905312390304297,50-54 ans,Non renseigné,FALSE,Île-de-France,2022
U3550922078548235250,45-49 ans,M,TRUE,Pays de la Loire,2022
U-2057698806723484682,35-39 ans,Non renseigné,FALSE,Centre-Val de Loire,2022
U4433433693648979180,40-44 ans,F,TRUE,Île-de-France,2023
U7707898279957052379,30-34 ans,M,TRUE,Auvergne-Rhône-Alpes,2023
U2545663715325019244,35-39 ans,Non renseigné,FALSE,Grand Est,2022
U-7151779645529605311,60 ans ou plus,Non renseigné,FALSE,Île-de-France,2023
U1658064084582106802,30-34 ans,F,TRUE,Île-de-France,2025
U-1052494989829768207,25-29 ans,M,TRUE,Auvergne-Rhône-Alpes,2023
U3707089573038021540,20-24 ans,M,TRUE,Grand Est,2025
U2884477323645976739,45-49 ans,F,TRUE,Île-de-France,2025
U-8249335440188636420,20-24 ans,M,TRUE,Île-de-France,2022
U-248323446641428388,35-39 ans,M,TRUE,Grand Est,2024
U-4524533069670472882,40-44 ans,F,TRUE,Île-de-France,2025
U-3456810016181916680,20-24 ans,M,TRUE,Centre-Val de Loire,2022
U-3365448070125865951,30-34 ans,M,TRUE,Grand Est,2023
U6426019715482718205,30-34 ans,M,TRUE,Auvergne-Rhône-Alpes,2025
U-7829424049708533941,25-29 ans,M,TRUE,Grand Est,2022
U4675228002770256670,25-29 ans,M,TRUE,Auvergne-Rhône-Alpes,2023
U5744939190460491481,35-39 ans,M,TRUE,Grand Est,2022
U-8976526433327165980,20-24 ans,M,TRUE,Hauts-de-France,2024
U7124638720170390967,30-34 ans,M,TRUE,Provence-Alpes-Côte d'Azur,2025
U-6948639900841696254,30-34 ans,M,TRUE,Nouvelle-Aquitaine,2025
U3284428357519654538,40-44 ans,M,TRUE,Auvergne-Rhône-Alpes,2022
U-5097482332308034298,40-44 ans,F,TRUE,Nouvelle-Aquitaine,2022
U-6187480741761231856,35-39 ans,M,TRUE,Île-de-France,2025
U-429228756389115594,40-44 ans,Non renseigné,FALSE,Bretagne,2023
U-3041090612464069009,30-34 ans,Non renseigné,FALSE,Hauts-de-France,2022
U5221527246612094799,25-29 ans,Non renseigné,FALSE,Pays de la Loire,2023
U-8408126582624446684,30-34 ans,F,TRUE,Île-de-France,2023
U3671419528514834704,40-44 ans,F,TRUE,Île-de-France,2022
U-2450389014361050642,30-34 ans,Non renseigné,FALSE,Île-de-France,2024
U-3052739066686313299,60 ans ou plus,M,TRUE,Île-de-France,2022
U-8557541811131600491,30-34 ans,M,TRUE,Bretagne,2025
U7888554409311361478,30-34 ans,F,TRUE,Île-de-France,2025
U-8518997254902654111,30-34 ans,M,TRUE,Île-de-France,2022
U-3227701260914881005,35-39 ans,Non renseigné,FALSE,Grand Est,2022
U5800357845413018595,35-39 ans,F,TRUE,Bretagne,2023
U-7652762184939820330,20-24 ans,M,TRUE,Île-de-France,2025
U-7801558353894570317,25-29 ans,M,TRUE,Île-de-France,2022
U-5598184667424594705,30-34 ans,Non renseigné,FALSE,Occitanie,2023
U-6370459609062457841,50-54 ans,F,TRUE,Île-de-France,2025
U8606401843246747229,45-49 ans,Non renseigné,FALSE,Île-de-France,2022
U-6402891653536559508,30-34 ans,F,TRUE,Île-de-France,2023
U-6281641626875562934,45-49 ans,M,TRUE,Nouvelle-Aquitaine,2024
U-3773145591957599276,60 ans ou plus,Non renseigné,FALSE,Île-de-France,2022
U3775611759128525094,25-29 ans,M,TRUE,Île-de-France,2025
U7107408329089444303,30-34 ans,M,TRUE,Île-de-France,2024
U3651660703098693420,40-44 ans,Non renseigné,FALSE,Nouvelle-Aquitaine,2023
U-6556294409525577260,50-54 ans,F,TRUE,Nouvelle-Aquitaine,2022
U-2464831141766665855,25-29 ans,F,TRUE,Île-de-France,2024
U3411014786871114133,20-24 ans,M,TRUE,Occitanie,2025
U8409520364928427697,30-34 ans,F,TRUE,Île-de-France,2023
U-8712996264705184660,55-59 ans,M,TRUE,Île-de-France,2022
U-2005037515605634011,55-59 ans,F,TRUE,Nouvelle-Aquitaine,2022
U319400881047826589,25-29 ans,M,TRUE,Bretagne,2025
U4357864869098397808,50-54 ans,M,TRUE,Occitanie,2024
U1582621159196983011,25-29 ans,M,TRUE,Nouvelle-Aquitaine,2025
U-2004176705707143201,25-29 ans,M,TRUE,Grand Est,2025
U8018166661525406066,25-29 ans,M,TRUE,Auvergne-Rhône-Alpes,2022
U7969265496688514050,40-44 ans,F,TRUE,Île-de-France,2025
U-2159242417106092847,60 ans ou plus,M,TRUE,Île-de-France,2022
U1847262731680586424,60 ans ou plus,Non renseigné,FALSE,Nouvelle-Aquitaine,2025
U1829282434640363851,35-39 ans,M,TRUE,Hauts-de-France,2025
U-7928292064039115625,40-44 ans,M,TRUE,Auvergne-Rhône-Alpes,2023
U1709383499157928402,45-49 ans,M,TRUE,Hauts-de-France,2025
U-3444150816961364079,35-39 ans,F,TRUE,Île-de-France,2023
U-404073123610961284,30-34 ans,M,TRUE,Bretagne,2025
U-8160179873473797857,25-29 ans,M,TRUE,Auvergne-Rhône-Alpes,2024
U5451481240950152575,35-39 ans,M,TRUE,Île-de-France,2025
U-5719904739560985535,50-54 ans,M,TRUE,Normandie,2025
U845936845587074307,30-34 ans,F,TRUE,Hauts-de-France,2023
U7376122622215788401,45-49 ans,Non renseigné,FALSE,Normandie,2023
U-5054100458274156791,30-34 ans,M,TRUE,Île-de-France,2022
U-4738616849118955608,25-29 ans,Non renseigné,FALSE,Île-de-France,2022
U-8719501738839016984,25-29 ans,Non renseigné,FALSE,Bretagne,2022
U7029371942630538616,20-24 ans,M,TRUE,Hauts-de-France,2023
U-2824707622551310150,25-29 ans,F,TRUE,Pays de la Loire,2025
U-2060268815375480156,25-29 ans,M,TRUE,Île-de-France,2023
U-7580701447229832802,30-34 ans,Non renseigné,FALSE,Provence-Alpes-Côte d'Azur,2022
U-4738347832096911581,30-34 ans,F,TRUE,Hauts-de-France,2022
U-8598209435843644248,25-29 ans,M,TRUE,Auvergne-Rhône-Alpes,2025
U4475170796570212770,30-34 ans,M,TRUE,Île-de-France,2023
U3146006004378463755,50-54 ans,M,TRUE,Île-de-France,2024
U-7152892023630608549,30-34 ans,M,TRUE,Provence-Alpes-Côte d'Azur,2022
U3789666704945482478,25-29 ans,Non renseigné,FALSE,Île-de-France,2022
U-1694473971440353996,25-29 ans,Non renseigné,FALSE,Hauts-de-France,2023
U-7931405762735950841,35-39 ans,F,TRUE,Île-de-France,2023
U7560770917870340892,30-34 ans,M,TRUE,Occitanie,2022
U-5268413406501659181,50-54 ans,M,TRUE,Bourgogne-Franche-Comté,2022
U2508733340963117391,35-39 ans,M,TRUE,Centre-Val de Loire,2024
U-1623842009790899178,45-49 ans,M,TRUE,Centre-Val de Loire,2025
U-3228493538746739065,25-29 ans,M,TRUE,Île-de-France,2024
U-3484675537873566981,40-44 ans,F,TRUE,Hauts-de-France,2022
U2953528161336698260,25-29 ans,M,TRUE,Auvergne-Rhône-Alpes,2022
U1709105270318504937,25-29 ans,M,TRUE,Île-de-France,2022
U-5945673424654008058,40-44 ans,F,TRUE,Île-de-France,2022
U7641211223106997562,55-59 ans,F,TRUE,Provence-Alpes-Côte d'Azur,2022
U-656832757281190766,40-44 ans,F,TRUE,Île-de-France,2022
U-2011181065961605961,35-39 ans,M,TRUE,Île-de-France,2023
U-7528486387354789656,30-34 ans,M,TRUE,Île-de-France,2025
U-5098454473410763507,35-39 ans,M,TRUE,Île-de-France,2024
U7145769348452875464,35-39 ans,M,TRUE,Nouvelle-Aquitaine,2022
U-377872731655892508,25-29 ans,F,TRUE,Auvergne-Rhône-Alpes,2023
U4017768091507817464,25-29 ans,F,TRUE,Île-de-France,2025
U-5037991714296010262,25-29 ans,M,TRUE,Grand Est,2024
U-800790841588401396,45-49 ans,M,TRUE,Île-de-France,2025
U-4081670522101692666,25-29 ans,M,TRUE,Bourgogne-Franche-Comté,2022
U-2577037013509769842,50-54 ans,Non renseigné,FALSE,Provence-Alpes-Côte d'Azur,2022
U-7024648591993020827,30-34 ans,M,TRUE,Pays de la Loire,2022
U-6530483385767349715,45-49 ans,M,TRUE,Île-de-France,2024
U5506590316692548114,40-44 ans,M,TRUE,Normandie,2025
U-6919794486015642438,50-54 ans,M,TRUE,Grand Est,2025
U7183959629208118757,30-34 ans,M,TRUE,Pays de la Loire,2025
U2184645274285970780,30-34 ans,Non renseigné,FALSE,Nouvelle-Aquitaine,2022
U8095180178985260334,25-29 ans,Non renseigné,FALSE,Île-de-France,2023
U7170498944138842105,50-54 ans,M,TRUE,Île-de-France,2022
U-7818386031010217874,30-34 ans,F,TRUE,Île-de-France,2023
U-3699193968961667262,25-29 ans,Non renseigné,FALSE,Occitanie,2023
U-460410603403344577,30-34 ans,M,TRUE,Provence-Alpes-Côte d'Azur,2023
U9024862729557421013,40-44 ans,Non renseigné,FALSE,Île-de-France,2023
U523221840298631451,30-34 ans,M,TRUE,Île-de-France,2025
U3112889381453846202,25-29 ans,Non renseigné,FALSE,Île-de-France,2023
U-879932754360454207,30-34 ans,Non renseigné,FALSE,Île-de-France,2022
U7583508208953723534,25-29 ans,Non renseigné,FALSE,Occitanie,2022
U-646031473211338402,30-34 ans,F,TRUE,Île-de-France,2023
U-4594873953522460356,25-29 ans,M,TRUE,Auvergne-Rhône-Alpes,2025
U7851527717774348158,25-29 ans,M,TRUE,Provence-Alpes-Côte d'Azur,2025
U-1162523319900339764,30-34 ans,M,TRUE,Provence-Alpes-Côte d'Azur,2025
U-1224637865361935391,35-39 ans,Non renseigné,FALSE,Île-de-France,2022
U9073031251456232760,30-34 ans,F,TRUE,Auvergne-Rhône-Alpes,2025
U-4555598368366492658,25-29 ans,F,TRUE,Île-de-France,2024
U6087150263270295113,25-29 ans,F,TRUE,Île-de-France,2023
U7805527089080471208,30-34 ans,F,TRUE,Île-de-France,2025
U6967291358290132082,30-34 ans,Non renseigné,FALSE,Pays de la Loire,2022
U441461969540989081,55-59 ans,F,TRUE,Auvergne-Rhône-Alpes,2025
U-545670941609851740,25-29 ans,M,TRUE,Hauts-de-France,2025
U6137942624617090932,40-44 ans,F,TRUE,Occitanie,2025
U-4003351591094354875,25-29 ans,M,TRUE,Auvergne-Rhône-Alpes,2024
U-3672091519317060873,25-29 ans,M,TRUE,Île-de-France,2025
U-6665984792585109783,55-59 ans,M,TRUE,Île-de-France,2022
U4410921623283131072,20-24 ans,M,TRUE,Bretagne,2024
U6458305678254636563,50-54 ans,M,TRUE,Auvergne-Rhône-Alpes,2023
U-2399525037225329653,35-39 ans,M,TRUE,Auvergne-Rhône-Alpes,2024
U7958403196074834163,35-39 ans,M,TRUE,Hauts-de-France,2025
U4192685396497784263,55-59 ans,F,TRUE,Provence-Alpes-Côte d'Azur,2024
U-8913270640058684547,30-34 ans,Non renseigné,FALSE,Pays de la Loire,2022
U5124802771326416079,25-29 ans,F,TRUE,Île-de-France,2025
U4119252762609561891,30-34 ans,F,TRUE,Auvergne-Rhône-Alpes,2022
U7618652811207179507,30-34 ans,M,TRUE,Île-de-France,2022
U3058429422462676489,40-44 ans,F,TRUE,Île-de-France,2023
U-5572874333669643768,30-34 ans,F,TRUE,Île-de-France,2025
U1847553042269205316,25-29 ans,Non renseigné,FALSE,Île-de-France,2022
U-1656613085869557170,30-34 ans,M,TRUE,Île-de-France,2023
U-7148288879581593257,40-44 ans,F,TRUE,Nouvelle-Aquitaine,2024
U503310855870981639,35-39 ans,M,TRUE,Centre-Val de Loire,2025
U-3386125748611184129,25-29 ans,F,TRUE,Provence-Alpes-Côte d'Azur,2023
U287105470855059820,50-54 ans,M,TRUE,Grand Est,2023
U-3225414450456720450,20-24 ans,Non renseigné,FALSE,Grand Est,2023
U9002590464084754175,30-34 ans,M,TRUE,Hauts-de-France,2022
U-5261118631866407497,40-44 ans,Non renseigné,FALSE,Île-de-France,2022
U2425265589963544875,25-29 ans,F,TRUE,Île-de-France,2025
U6637543458155658719,35-39 ans,M,TRUE,Occitanie,2025
U2997214640021558707,40-44 ans,M,TRUE,Normandie,2024
U4182217683622825697,35-39 ans,M,TRUE,Grand Est,2022
U3541847562934859931,25-29 ans,M,TRUE,Nouvelle-Aquitaine,2024
U-4877853228758668377,45-49 ans,M,TRUE,Île-de-France,2025
U8954031929381759940,30-34 ans,M,TRUE,Grand Est,2022
U-975519255724250930,30-34 ans,M,TRUE,Île-de-France,2022
U-5549091118401071078,35-39 ans,Non renseigné,FALSE,DROM,2025
U4109476265924999514,20-24 ans,M,TRUE,Île-de-France,2024
U6128312514272573120,25-29 ans,M,TRUE,Île-de-France,2025
U8022805409270363949,30-34 ans,M,TRUE,Île-de-France,2025
U8593489088648870377,30-34 ans,M,TRUE,Île-de-France,2022
U-6072433181724141458,30-34 ans,Non renseigné,FALSE,Hauts-de-France,2025
U-6662021339532287134,25-29 ans,Non renseigné,FALSE,Auvergne-Rhône-Alpes,2022
U-1396432708992995261,35-39 ans,M,TRUE,Île-de-France,2025
U-7415094970764810178,50-54 ans,M,TRUE,Nouvelle-Aquitaine,2025
U5951316066151273865,25-29 ans,F,TRUE,Provence-Alpes-Côte d'Azur,2022
U-7334755904018745118,35-39 ans,M,TRUE,Île-de-France,2025
U156051158341826153,40-44 ans,F,TRUE,Île-de-France,2025
U-2837709220358110969,30-34 ans,Non renseigné,FALSE,Auvergne-Rhône-Alpes,2022
U305197306896934056,25-29 ans,M,TRUE,Île-de-France,2022
U-3780821059750749588,30-34 ans,M,TRUE,Île-de-France,2024
U1976915310113038530,35-39 ans,M,TRUE,Bretagne,2025
U4952380756093434075,60 ans ou plus,Non renseigné,FALSE,Île-de-France,2022
U5784532475203221813,30-34 ans,M,TRUE,Bourgogne-Franche-Comté,2024
U-3286164162132248669,60 ans ou plus,M,TRUE,Hauts-de-France,2022
U7137990485427092673,30-34 ans,M,TRUE,Provence-Alpes-Côte d'Azur,2023
U-6103950022954271190,35-39 ans,M,TRUE,Bretagne,2025
U-8824340209105874697,25-29 ans,F,TRUE,Île-de-France,2025
U-2476159263509808300,30-34 ans,M,TRUE,Île-de-France,2025
U-6969108729067282356,20-24 ans,M,TRUE,Occitanie,2022
U-7578238025174162976,45-49 ans,M,TRUE,Auvergne-Rhône-Alpes,2022
U7333026495563049637,40-44 ans,F,TRUE,DROM,2025
U2882059132857346013,35-39 ans,M,TRUE,Île-de-France,2025
U142000277030998836,45-49 ans,Non renseigné,FALSE,Hauts-de-France,2024
U-8362692096387949051,30-34 ans,Non renseigné,FALSE,Île-de-France,2022
U6057794442949820858,30-34 ans,M,TRUE,Centre-Val de Loire,2025
U-5862800020612600497,25-29 ans,M,TRUE,Île-de-France,2023
U8863752749372797315,25-29 ans,M,TRUE,Provence-Alpes-Côte d'Azur,2023
U-8748492280836329741,25-29 ans,Non renseigné,FALSE,Auvergne-Rhône-Alpes,2022
U6339292509334780608,20-24 ans,M,TRUE,Pays de la Loire,2025
U-6221783144855946300,45-49 ans,M,TRUE,Île-de-France,2023
U-2939543323258198561,35-39 ans,M,TRUE,Pays de la Loire,2025
U4883811952585203997,35-39 ans,Non renseigné,FALSE,Île-de-France,2023
U-9193147187560339523,25-29 ans,Non renseigné,FALSE,Île-de-France,2022
U-1831275979481091100,30-34 ans,M,TRUE,Bretagne,2025
U-7809648605001198028,25-29 ans,Non renseigné,FALSE,Île-de-France,2022
U8633019856958452014,50-54 ans,M,TRUE,Île-de-France,2023
U7939014125322317994,35-39 ans,F,TRUE,Auvergne-Rhône-Alpes,2024
U7248009455323614466,50-54 ans,Non renseigné,FALSE,Île-de-France,2024
U5567257372088547138,35-39 ans,M,TRUE,Île-de-France,2024
U447345929037910112,30-34 ans,Non renseigné,FALSE,Nouvelle-Aquitaine,2023
U-7285479302015910883,20-24 ans,M,TRUE,Île-de-France,2025
U-3047993254991434210,25-29 ans,Non renseigné,FALSE,Île-de-France,2023
U4245662010270339058,20-24 ans,M,TRUE,Auvergne-Rhône-Alpes,2024
U1570949379976824104,20-24 ans,M,TRUE,Bourgogne-Franche-Comté,2024
U7606042157817567697,30-34 ans,M,TRUE,Île-de-France,2023
U-7161513591473017587,35-39 ans,M,TRUE,Île-de-France,2022
U5700688829525693599,35-39 ans,M,TRUE,Île-de-France,2025
U1924748900290416700,35-39 ans,Non renseigné,FALSE,Île-de-France,2022
U-1539140774444889777,45-49 ans,Non renseigné,FALSE,Île-de-France,2022
U-1432631472916831112,20-24 ans,M,TRUE,Occitanie,2024
U-2028806543252683608,45-49 ans,M,TRUE,Île-de-France,2022
U-2843764352789318975,30-34 ans,M,TRUE,Île-de-France,2024
U9013247285030466301,25-29 ans,M,TRUE,Île-de-France,2024
U1689650390724062855,25-29 ans,M,TRUE,Île-de-France,2023
U6484289171947333682,25-29 ans,M,TRUE,Île-de-France,2022
U1529744233794701937,25-29 ans,F,TRUE,Île-de-France,2024
U484326363732546623,30-34 ans,Non renseigné,FALSE,Île-de-France,2022
U-3599158800310800737,45-49 ans,M,TRUE,Provence-Alpes-Côte d'Azur,2022
U7584099424482268049,35-39 ans,Non renseigné,FALSE,Provence-Alpes-Côte d'Azur,2022
U-7986321633943162508,25-29 ans,F,TRUE,Île-de-France,2025
U-2405098111972787062,55-59 ans,M,TRUE,Auvergne-Rhône-Alpes,2022
U141988200375850257,30-34 ans,M,TRUE,Centre-Val de Loire,2022
U1989462362728732367,25-29 ans,M,TRUE,Provence-Alpes-Côte d'Azur,2023
U7074540422414726623,25-29 ans,M,TRUE,Île-de-France,2024
U-4505753023194511969,30-34 ans,Non renseigné,FALSE,Grand Est,2024
U-303775042437999325,30-34 ans,F,TRUE,Auvergne-Rhône-Alpes,2022
U-8483281204379510627,30-34 ans,M,TRUE,Nouvelle-Aquitaine,2022
U8496042452194263590,40-44 ans,M,TRUE,Île-de-France,2022
U-252669703617576863,25-29 ans,M,TRUE,Île-de-France,2025
U-761240358673736801,35-39 ans,M,TRUE,Provence-Alpes-Côte d'Azur,2025
U-2708859964939459989,30-34 ans,M,TRUE,Île-de-France,2024
U-2930568885940382570,25-29 ans,F,TRUE,Nouvelle-Aquitaine,2024
U-6006570766015219309,40-44 ans,Non renseigné,FALSE,Pays de la Loire,2022
U-1348114235759281686,30-34 ans,Non renseigné,FALSE,Grand Est,2022
U1109281775417062993,35-39 ans,M,TRUE,Nouvelle-Aquitaine,2024
U-6827797526459576446,30-34 ans,Non renseigné,FALSE,Hauts-de-France,2023
U-6615148776643527947,25-29 ans,F,TRUE,Île-de-France,2023
U-710922218295582484,30-34 ans,Non renseigné,FALSE,Île-de-France,2024
U4726294670327901350,30-34 ans,Non renseigné,FALSE,Île-de-France,2022
U-8487693505317588620,30-34 ans,Non renseigné,FALSE,Provence-Alpes-Côte d'Azur,2023
U3161008297627047771,45-49 ans,M,TRUE,Grand Est,2024
U-7037038460313890585,35-39 ans,M,TRUE,Provence-Alpes-Côte d'Azur,2022
U-4885470507519825332,25-29 ans,M,TRUE,DROM,2024
U-8545761365150792299,30-34 ans,M,TRUE,Île-de-France,2024
U1015169980063227391,40-44 ans,M,TRUE,Île-de-France,2022
U-533065973139035128,50-54 ans,Non renseigné,FALSE,Hauts-de-France,2023
U2868287872487407192,30-34 ans,Non renseigné,FALSE,Hauts-de-France,2024
U-6747431031244843875,45-49 ans,Non renseigné,FALSE,Provence-Alpes-Côte d'Azur,2022
U-2616369683271526258,50-54 ans,M,TRUE,Nouvelle-Aquitaine,2024
U-5997696581815317341,30-34 ans,M,TRUE,Île-de-France,2025
U8466751638053498927,25-29 ans,Non renseigné,FALSE,Île-de-France,2023
U-3435345518398248355,25-29 ans,Non renseigné,FALSE,Île-de-France,2022
U8941622950548027693,40-44 ans,M,TRUE,Centre-Val de Loire,2025
U-7751055849578656574,30-34 ans,M,TRUE,Occitanie,2023
U-2301612385127376176,40-44 ans,F,TRUE,Hauts-de-France,2023
U-187936860281710697,30-34 ans,M,TRUE,Île-de-France,2023
U5059535912913032806,55-59 ans,M,TRUE,Occitanie,2022
U-8987169661703961939,30-34 ans,M,TRUE,Île-de-France,2022
U-8112260379975753764,30-34 ans,Non renseigné,FALSE,Île-de-France,2022
U5167462691793857412,35-39 ans,M,TRUE,Île-de-France,2025
U4021098049103110680,25-29 ans,M,TRUE,Bretagne,2024
U-5773334658679229357,35-39 ans,M,TRUE,Île-de-France,2025
U-1783997868699609314,20-24 ans,M,TRUE,Occitanie,2022
U-8435615337133899509,25-29 ans,F,TRUE,Île-de-France,2023
U-7389106944066107730,25-29 ans,M,TRUE,Provence-Alpes-Côte d'Azur,2025
U-2332879993389095066,25-29 ans,Non renseigné,FALSE,Hauts-de-France,2022
U-866362870440653724,25-29 ans,Non renseigné,FALSE,Occitanie,2023
U-6491316084615798423,30-34 ans,F,TRUE,Île-de-France,2024
U6249538099141716489,45-49 ans,M,TRUE,Pays de la Loire,2023
U-7976245549245591469,40-44 ans,M,TRUE,Normandie,2024
U2444870213573549181,35-39 ans,Non renseigné,FALSE,Île-de-France,2023
U-1377430929009710021,30-34 ans,M,TRUE,Pays de la Loire,2022
U-2345322240465661018,45-49 ans,M,TRUE,Île-de-France,2022
U-6677709451793437486,40-44 ans,F,TRUE,Île-de-France,2022
U3904214812754555837,45-49 ans,Non renseigné,FALSE,Île-de-France,2023
U7189686041694791667,60 ans ou plus,M,TRUE,Île-de-France,2024
U1378994466625769006,35-39 ans,F,TRUE,Île-de-France,2023
U8271058400450340021,25-29 ans,Non renseigné,FALSE,Île-de-France,2023
U8153056293776075309,45-49 ans,Non renseigné,FALSE,Nouvelle-Aquitaine,2022
U-214464186851257376,20-24 ans,M,TRUE,Île-de-France,2024
U9085281390364901116,25-29 ans,M,TRUE,Normandie,2023
U2566784272946751604,30-34 ans,M,TRUE,Île-de-France,2025
U-3836437333733124034,30-34 ans,M,TRUE,Île-de-France,2022
U5176857375341011275,35-39 ans,M,TRUE,Auvergne-Rhône-Alpes,2022
U-8377769269407154130,40-44 ans,Non renseigné,FALSE,Île-de-France,2024
U-2487110526815468641,40-44 ans,M,TRUE,Pays de la Loire,2025
U-5252572953284363341,50-54 ans,M,TRUE,Île-de-France,2022
U4685079382816301930,30-34 ans,Non renseigné,FALSE,Île-de-France,2022
U-7496215970729365867,40-44 ans,M,TRUE,Île-de-France,2025
U4188602447156540227,35-39 ans,M,TRUE,Île-de-France,2023
U717746076857021387,30-34 ans,M,TRUE,Auvergne-Rhône-Alpes,2024
U-7921220477057738018,25-29 ans,M,TRUE,Île-de-France,2023
U4953151144186646530,35-39 ans,M,TRUE,Provence-Alpes-Côte d'Azur,2024
U-6650218163030092163,35-39 ans,M,TRUE,Auvergne-Rhône-Alpes,2024
U4788886686667645671,30-34 ans,M,TRUE,Pays de la Loire,2022
U3041829796670834570,35-39 ans,M,TRUE,Auvergne-Rhône-Alpes,2025
U-8095973866934189660,35-39 ans,F,TRUE,Île-de-France,2024
U9127714062350513167,25-29 ans,M,TRUE,Île-de-France,2024
U-8812302046517963538,40-44 ans,F,TRUE,Auvergne-Rhône-Alpes,2025
U-8912959335997031541,55-59 ans,F,TRUE,Provence-Alpes-Côte d'Azur,2025
U-5545163861091403656,50-54 ans,Non renseigné,FALSE,Grand Est,2022
U-1884450416653107117,30-34 ans,Non renseigné,FALSE,Occitanie,2022
U439261642239896660,35-39 ans,M,TRUE,Île-de-France,2024
U-6469434369431619334,40-44 ans,M,TRUE,Bretagne,2022
U6559785735406391091,30-34 ans,Non renseigné,FALSE,Île-de-France,2022
U-8282816209185971427,20-24 ans,Non renseigné,FALSE,Île-de-France,2023
U-8674580399769222464,35-39 ans,M,TRUE,Provence-Alpes-Côte d'Azur,2025
U-2972650511760151044,40-44 ans,M,TRUE,Hauts-de-France,2024
U4492268468235399869,55-59 ans,M,TRUE,Île-de-France,2022
U-2235040031236888852,50-54 ans,M,TRUE,Hauts-de-France,2024
U-2034436492745242553,35-39 ans,M,TRUE,Île-de-France,2024
U-7361786925278587719,40-44 ans,Non renseigné,FALSE,Auvergne-Rhône-Alpes,2022
U-6569743066634290156,30-34 ans,M,TRUE,Île-de-France,2024
U6029417365337484486,35-39 ans,Non renseigné,FALSE,Occitanie,2022
U-6784137335420864289,45-49 ans,M,TRUE,Occitanie,2025
U-6176528868810385931,45-49 ans,M,TRUE,Île-de-France,2024
U8452531072273047183,45-49 ans,M,TRUE,Auvergne-Rhône-Alpes,2022
U-2945240258349605125,30-34 ans,M,TRUE,Occitanie,2024
U1408235040225703869,35-39 ans,F,TRUE,Île-de-France,2023
U-6543309184691144401,30-34 ans,Non renseigné,FALSE,Île-de-France,2022
U-4882254274544708329,30-34 ans,F,TRUE,Occitanie,2023
U922362550284222710,25-29 ans,M,TRUE,Île-de-France,2024
U-4230211806378367299,30-34 ans,M,TRUE,Provence-Alpes-Côte d'Azur,2025
U1087520430370548138,50-54 ans,Non renseigné,FALSE,Hauts-de-France,2022
U-4420283993609752092,25-29 ans,M,TRUE,Île-de-France,2024
U4937642827286805256,40-44 ans,Non renseigné,FALSE,Provence-Alpes-Côte d'Azur,2022
U2126841283587088198,35-39 ans,M,TRUE,Île-de-France,2025
U4896689467329720242,25-29 ans,M,TRUE,Île-de-France,2024
U-1673513848083183148,30-34 ans,F,TRUE,Île-de-France,2025
U7316084377269375608,35-39 ans,M,TRUE,Occitanie,2023
U4016531347128496501,20-24 ans,F,TRUE,Hauts-de-France,2025
U8431552692486157380,25-29 ans,F,TRUE,Provence-Alpes-Côte d'Azur,2024
U-6542641654143380207,30-34 ans,M,TRUE,Provence-Alpes-Côte d'Azur,2025
U1870280988304750766,50-54 ans,M,TRUE,Île-de-France,2024
U-205483535048792799,25-29 ans,Non renseigné,FALSE,Hauts-de-France,2022
U-8927054384791659443,25-29 ans,M,TRUE,Île-de-France,2023
U1453761474079285081,30-34 ans,M,TRUE,Normandie,2022
U4300205569215172093,30-34 ans,M,TRUE,Occitanie,2022
U-1003861709080236012,30-34 ans,F,TRUE,Île-de-France,2024
U-6192304191006527412,35-39 ans,M,TRUE,Grand Est,2024
U-4518649352537012886,35-39 ans,M,TRUE,Auvergne-Rhône-Alpes,2022
U-1693868482655051808,25-29 ans,M,TRUE,Île-de-France,2025
U195722515787841496,30-34 ans,M,TRUE,Provence-Alpes-Côte d'Azur,2025
U1096082243685394360,50-54 ans,Non renseigné,FALSE,Grand Est,2022
U-8037787106668686798,35-39 ans,M,TRUE,Pays de la Loire,2024
U7451260932317825234,25-29 ans,M,TRUE,Grand Est,2025
U8682753605638796508,30-34 ans,Non renseigné,FALSE,Île-de-France,2023
U230922710954504506,35-39 ans,Non renseigné,FALSE,Île-de-France,2022
U-3422255602981775695,40-44 ans,Non renseigné,FALSE,Bretagne,2023
U-6706274989358096052,25-29 ans,M,TRUE,Nouvelle-Aquitaine,2024
U-8988674742373634123,30-34 ans,M,TRUE,Île-de-France,2023
U9023036928943313563,35-39 ans,M,TRUE,Grand Est,2025
U-6275698677019344597,30-34 ans,F,TRUE,Île-de-France,2023
U5828448351044727983,55-59 ans,M,TRUE,Île-de-France,2022
U-7588201961294924200,50-54 ans,M,TRUE,Île-de-France,2023
U-1050734977527397861,35-39 ans,F,TRUE,Normandie,2024
U-3212118298875221355,25-29 ans,M,TRUE,Hauts-de-France,2024
U3712251179316211338,60 ans ou plus,Non renseigné,FALSE,Occitanie,2022
U4029379205874600053,40-44 ans,F,TRUE,Occitanie,2022
U6133621560089609557,40-44 ans,Non renseigné,FALSE,Île-de-France,2022
U-6042551387615348556,60 ans ou plus,Non renseigné,FALSE,Île-de-France,2022
U4513110732661831993,30-34 ans,M,TRUE,Île-de-France,2022
U-4331044578490144123,35-39 ans,F,TRUE,Île-de-France,2023
U8746031049275756161,25-29 ans,F,TRUE,Occitanie,2025
U-6755274889146037049,40-44 ans,M,TRUE,Auvergne-Rhône-Alpes,2023
U-4287848010366736034,55-59 ans,F,TRUE,Hauts-de-France,2025
U8437213883306939000,30-34 ans,M,TRUE,Occitanie,2025
U5165772021125441591,25-29 ans,F,TRUE,Île-de-France,2025
U-2964738499150889599,35-39 ans,Non renseigné,FALSE,Île-de-France,2023
U-3158498050435932836,45-49 ans,M,TRUE,DROM,2022
U4890786549394943623,45-49 ans,F,TRUE,Occitanie,2025
U-7071098845834974473,30-34 ans,M,TRUE,Occitanie,2022
U-3909457530764225658,45-49 ans,M,TRUE,Provence-Alpes-Côte d'Azur,2023
U2981855632569717529,35-39 ans,Non renseigné,FALSE,Nouvelle-Aquitaine,2022
U-4614545262834943790,30-34 ans,Non renseigné,FALSE,Île-de-France,2023
U-101326351958819258,40-44 ans,Non renseigné,FALSE,Île-de-France,2024
U342945458638775582,20-24 ans,M,TRUE,Grand Est,2023
U-9105751267972321902,60 ans ou plus,M,TRUE,Île-de-France,2025
U2239011963631067541,25-29 ans,Non renseigné,FALSE,Auvergne-Rhône-Alpes,2022
U-6860006923482008090,30-34 ans,F,TRUE,Île-de-France,2025
U286879314935916983,35-39 ans,F,TRUE,Occitanie,2024
U-1429766306805660103,25-29 ans,M,TRUE,Île-de-France,2025
U-4689621835198890453,35-39 ans,M,TRUE,Île-de-France,2022
U6410414896513036448,40-44 ans,M,TRUE,Normandie,2025
U-1004719051081800199,45-49 ans,F,TRUE,Auvergne-Rhône-Alpes,2022
U-340931038586283176,30-34 ans,Non renseigné,FALSE,DROM,2022
U1836577609515119853,40-44 ans,Non renseigné,FALSE,Auvergne-Rhône-Alpes,2022
U8932477357788777468,30-34 ans,F,TRUE,Île-de-France,2022
U5169870343878803606,35-39 ans,Non renseigné,FALSE,Hauts-de-France,2023
U5330213563673936115,30-34 ans,F,TRUE,Auvergne-Rhône-Alpes,2023
U3303524489015660764,35-39 ans,M,TRUE,Île-de-France,2025
U2714128448456443657,25-29 ans,M,TRUE,Nouvelle-Aquitaine,2025
U-6713709792799843044,35-39 ans,F,TRUE,Île-de-France,2022
U-851710950812617159,35-39 ans,F,TRUE,Île-de-France,2024
U-3618741585110318904,40-44 ans,Non renseigné,FALSE,Île-de-France,2022
U-9061550091877270915,40-44 ans,M,TRUE,Nouvelle-Aquitaine,2024
U-3300975923038959407,30-34 ans,M,TRUE,Île-de-France,2025
U4154805032113487995,25-29 ans,F,TRUE,Occitanie,2025
U-3370568711340660411,35-39 ans,F,TRUE,Bourgogne-Franche-Comté,2025
U6119351391079337681,40-44 ans,M,TRUE,Île-de-France,2022
U587293385098341623,30-34 ans,M,TRUE,Grand Est,2023
U7855004772949607789,30-34 ans,Non renseigné,FALSE,Auvergne-Rhône-Alpes,2022
U-5601535244593580789,25-29 ans,Non renseigné,FALSE,Île-de-France,2022
U-539384667846092837,20-24 ans,M,TRUE,Île-de-France,2025
U3144283252635682949,30-34 ans,Non renseigné,FALSE,Auvergne-Rhône-Alpes,2022
U1198754945724292858,40-44 ans,Non renseigné,FALSE,Auvergne-Rhône-Alpes,2022
U6090457947773844398,40-44 ans,M,TRUE,Bourgogne-Franche-Comté,2023
U-2158584287376317064,40-44 ans,M,TRUE,Île-de-France,2023
U3942572914626896957,25-29 ans,Non renseigné,FALSE,Grand Est,2022
U1720813574631206007,30-34 ans,M,TRUE,Provence-Alpes-Côte d'Azur,2025
U-1533216575567133881,25-29 ans,M,TRUE,Provence-Alpes-Côte d'Azur,2025
U-9150541276468259145,60 ans ou plus,M,TRUE,Provence-Alpes-Côte d'Azur,2022
U384433772656298938,35-39 ans,M,TRUE,Provence-Alpes-Côte d'Azur,2022
U-1111177717237079974,60 ans ou plus,M,TRUE,Île-de-France,2023
U5194063891378318818,25-29 ans,M,TRUE,Auvergne-Rhône-Alpes,2024
U-1910028739391744478,45-49 ans,Non renseigné,FALSE,Île-de-France,2022
U3115582766785568353,30-34 ans,Non renseigné,FALSE,Auvergne-Rhône-Alpes,2022
U-3179730836558099096,35-39 ans,M,TRUE,Normandie,2024
U-760298692562289442,45-49 ans,Non renseigné,FALSE,Provence-Alpes-Côte d'Azur,2022
U-7697045370671874643,55-59 ans,M,TRUE,Île-de-France,2023
U369354930775509212,35-39 ans,Non renseigné,FALSE,Île-de-France,2023
U4446753011069505421,40-44 ans,Non renseigné,FALSE,Provence-Alpes-Côte d'Azur,2022
U6284438290618395737,40-44 ans,F,TRUE,Île-de-France,2025
U275188735632607669,35-39 ans,M,TRUE,Bretagne,2024
U-1870851246711160372,35-39 ans,M,TRUE,Pays de la Loire,2022
U-954047221424615220,25-29 ans,F,TRUE,Île-de-France,2024
U-6302823979164655337,20-24 ans,M,TRUE,Île-de-France,2025
U-8804187898737474723,25-29 ans,F,TRUE,Île-de-France,2023
U7580104497032154170,30-34 ans,F,TRUE,Île-de-France,2024
U6043912679183380706,45-49 ans,M,TRUE,Île-de-France,2022
U6208808090546504036,25-29 ans,Non renseigné,FALSE,Île-de-France,2022
U-5902390618625126956,25-29 ans,Non renseigné,FALSE,Provence-Alpes-Côte d'Azur,2023
U2736561466339660100,25-29 ans,M,TRUE,Île-de-France,2023
U850801921061724605,35-39 ans,M,TRUE,Hauts-de-France,2024
